session,cash,position_value,equity,open_positions,exposure_pct,daily_return,running_peak,drawdown_pct,benchmark_equity
2017-01-03,100000.0,0.0,100000.0,0,0.0,0.0,100000.0,0.0,100000.0
2017-01-04,100000.0,0.0,100000.0,0,0.0,0.0,100000.0,0.0,100616.20622368285
2017-01-05,100000.0,0.0,100000.0,0,0.0,0.0,100000.0,0.0,100534.04539385847
2017-01-06,100000.0,0.0,100000.0,0,0.0,0.0,100000.0,0.0,100939.71449111635
2017-01-09,100000.0,0.0,100000.0,0,0.0,0.0,100000.0,0.0,100616.20622368285
2017-01-10,100000.0,0.0,100000.0,0,0.0,0.0,100000.0,0.0,100595.66601622675
2017-01-11,100000.0,0.0,100000.0,0,0.0,0.0,100000.0,0.0,100842.1485056999
2017-01-12,100000.0,0.0,100000.0,0,0.0,0.0,100000.0,0.0,100626.4763274109
2017-01-13,100000.0,0.0,100000.0,0,0.0,0.0,100000.0,0.0,100847.28355756392
2017-01-17,100000.0,0.0,100000.0,0,0.0,0.0,100000.0,0.0,100508.37013453835
2017-01-18,100000.0,0.0,100000.0,0,0.0,0.0,100000.0,0.0,100713.7722090993
2017-01-19,75657.17498000001,24240.760000000002,99897.93498000002,1,0.24265526614592287,-0.0010206501999997508,100000.0,-0.0010206501999998,100385.12888980178
2017-01-20,75657.17498000001,24320.12,99977.29498,1,0.2432564314214055,0.0007944108155575336,100000.0,-0.00022705019999993964,100713.7722090993
2017-01-23,75657.17498000001,24258.12,99915.29498,1,0.2427868526520963,-0.0006201408030933608,100000.0,-0.0008470501999999397,100457.01961589811
2017-01-24,75657.17498000001,24411.88,100069.05498000002,1,0.2439503401414054,0.0015389035285418018,100069.05498000002,0.0,101093.76604703706
2017-01-25,26971.73529000001,73370.46,100342.19529000002,3,0.7312024596228065,0.002729518231731065,100342.19529000002,0.0,101961.5898120571
2017-01-26,26971.73529000001,73277.40000000001,100249.13529000002,3,0.7309529382774589,-0.0009274263905731939,100342.19529000002,-0.000927426390573218,101864.02382664064
2017-01-27,26971.73529000001,73143.98000000001,100115.71529000002,3,0.730594390582214,-0.001330884297545687,100342.19529000002,-0.002257076390898602,101709.97227071993
2017-01-30,50817.885750000016,48649.34,99467.22575000001,2,0.48909919456560286,-0.00647740005773878,100342.19529000002,-0.008719856461892696,101093.76604703706
2017-01-31,50817.885750000016,48513.86,99331.74575000002,2,0.4884023695918985,-0.0013620566873002726,100342.19529000002,-0.010070036210386775,101052.68563212486
2017-02-01,50817.885750000016,48562.32,99380.20575000002,2,0.48865183598193535,0.0004878601461608678,100342.19529000002,-0.009587088833563379,101114.30625449316
2017-02-02,75235.53051000003,24144.02,99379.55051000003,1,0.24294756694004685,-6.593264675225363e-06,100342.19529000002,-0.009593618888024506,101170.79182499743
2017-02-03,75235.53051000003,24360.1,99595.63051000002,1,0.24459004752777877,0.0021742903735335606,100342.19529000002,-0.007440187827686508,101869.15887850466
2017-02-06,26823.38734000003,72638.28,99461.66734000003,3,0.7303143205079512,-0.0013450707557550734,100342.19529000002,-0.008775251004377229,101704.8372188559
2017-02-07,26823.38734000003,72573.56,99396.94734000003,3,0.7301387209785509,-0.0006507029464805081,100342.19529000002,-0.009420243869173074,101699.70216699188
2017-02-08,51185.16999000003,48173.38,99358.54999000003,2,0.4848438308011582,-0.00038630311118770244,100342.19529000002,-0.009802907910845938,101822.94341172844
2017-02-09,51185.16999000003,48653.68,99838.84999000003,2,0.48732211964453925,0.004834007743151902,100342.19529000002,-0.005016287500440496,102413.47437609118
2017-02-10,51185.16999000003,48938.06,100123.22999000002,2,0.4887782785761883,0.002848390181061422,100342.19529000002,-0.0021821856634406125,102819.14347334906
2017-02-13,51185.16999000003,49127.72,100312.88999000003,2,0.4897448374271486,0.0018942656965714733,100342.19529000002,-0.00029205360631484253,103348.05381534352
2017-02-14,51185.16999000003,49314.3,100499.46999000004,2,0.49069214001732453,0.0018599803078009902,100499.46999000004,0.0,103805.07343124165
2017-02-15,51185.16999000003,49583.96,100769.12999000003,2,0.4920550569893829,0.002683198230068573,100769.12999000003,0.0,104333.9837732361
2017-02-16,51185.16999000003,49498.100000000006,100683.26999000003,2,0.4916218951263324,-0.0008520466536579008,100769.12999000003,-0.000852046653657931,104267.2280990038
2017-02-17,51185.16999000003,49519.82,100704.98999000003,2,0.4917315418522687,0.00021572600892039162,100769.12999000003,-0.0006365044533615051,104400.73944746841
2017-02-21,101012.07327000002,0.0,101012.07327000002,0,0.0,0.003049335291433808,101012.07327000002,0.0,105022.0807230153
2017-02-22,101012.07327000002,0.0,101012.07327000002,0,0.0,0.0,101012.07327000002,0.0,104955.32504878298
2017-02-23,101012.07327000002,0.0,101012.07327000002,0,0.0,0.0,101012.07327000002,0.0,105022.0807230153
2017-02-24,101012.07327000002,0.0,101012.07327000002,0,0.0,0.0,101012.07327000002,0.0,105165.86217520796
2017-02-27,101012.07327000002,0.0,101012.07327000002,0,0.0,0.0,101012.07327000002,0.0,105309.64362740063
2017-02-28,76484.44608000002,24233.22,100717.66608000002,1,0.24060545625383692,-0.0029145742728501345,101012.07327000002,-0.0029145742728501666,105047.75598233541
2017-03-01,76484.44608000002,24692.579999999998,101177.02608000003,1,0.24405322983575078,0.0045608681960038755,101177.02608000003,0.0,106485.57050426208
2017-03-02,76484.44608000002,24403.5,100887.94608000002,1,0.24188717233522647,-0.0028571703597161102,101177.02608000003,-0.002857170359716128,105848.82407312312
2017-03-03,76484.44608000002,24377.760000000002,100862.20608000003,1,0.24169370220461467,-0.000255134542828106,101177.02608000003,-0.003111575939690758,105905.30964362739
2017-03-06,76484.44608000002,24219.359999999997,100703.80608000002,1,0.24050093976348735,-0.0015704594035388375,101177.02608000003,-0.004677148739535289,105617.74673924205
2017-03-07,76484.44608000002,24060.96,100545.40608000002,1,0.23930441914825668,-0.0015729296256605796,101177.02608000003,-0.006242721539379819,105268.56321248843
2017-03-08,100495.53643380004,0.0,100495.53643380004,0,0.0,-0.0004959912953188539,101177.02608000003,-0.006735616499156037,105088.8363972476
2017-03-09,76030.31043380003,24472.0,100502.31043380003,1,0.2434968897169731,6.740597881638166e-05,101177.02608000003,-0.006668664541162784,105191.53743452807
2017-03-10,76030.31043380003,24576.0,100606.31043380003,1,0.2442789114721711,0.0010348020811770109,101177.02608000003,-0.0056407632079315834,105561.2611687378
2017-03-13,51558.22580380003,49093.11,100651.33580380003,2,0.48775418237565527,0.00044754021696902235,101177.02608000003,-0.005195747459352438,105622.88179110608
2017-03-14,51558.22580380003,48943.05,100501.27580380003,2,0.4869893402701404,-0.0014908893041669646,101177.02608000003,-0.006678890479205049,105242.8879531683
2017-03-15,51558.22580380003,49294.97,100853.19580380003,2,0.4887794542068703,0.0035016470904012387,101177.02608000003,-0.0032006305062173336,106105.57666632431
2017-03-16,2708.574028800038,97927.53,100636.10402880004,4,0.9730854641588182,-0.0021525522644054718,101177.02608000003,-0.005346293246179076,105930.9849029475
2017-03-17,2708.574028800038,97936.75,100645.32402880004,4,0.9730879297678552,9.161721917783083e-05,101177.02608000003,-0.005255165839521452,105771.79829516276
2017-03-20,2708.574028800038,97829.4,100537.97402880003,4,0.9730591942500836,-0.0010666168650744767,101177.02608000003,-0.006316177456082754,105612.61168737803
2017-03-21,26640.162351000035,72490.7,99130.86235100003,3,0.7312626792585216,-0.013995822885757736,101177.02608000003,-0.02022360024085017,104282.63325459587
2017-03-22,50530.039489300034,48710.5,99240.53948930003,2,0.49083268038110467,0.001106387412546317,101177.02608000003,-0.019139587965046764,104498.30543288487
2017-03-23,74950.82248930004,24184.37,99135.19248930004,1,0.24395342756418506,-0.001061531915708236,101177.02608000003,-0.020180802597276587,104359.65903255621
2017-03-24,74950.82248930004,24178.420000000002,99129.24248930004,1,0.24390804764406232,-6.001904924568535e-05,101177.02608000003,-0.020239610413937383,104333.9837732361
2017-03-27,98908.31725190004,0.0,98908.31725190004,0,0.0,-0.0022286585860257224,101177.02608000003,-0.022423161818436285,104200.47242477148
2017-03-28,98908.31725190004,0.0,98908.31725190004,0,0.0,0.0,101177.02608000003,-0.022423161818436285,104950.18999691895
2017-03-29,50756.32427190004,48316.990000000005,99073.31427190005,2,0.4876892466461481,0.0016681814490868696,101177.02608000003,-0.02079238627192489,105083.70134538357
2017-03-30,26810.25251190005,72556.44,99366.69251190005,3,0.7301887399674767,0.002961223636819499,101177.02608000003,-0.01789273354079961,105402.07456095304
2017-03-31,2760.2688769000524,96519.81,99280.07887690005,4,0.9721971526601768,-0.000871656616623584,101177.02608000003,-0.018748793837842902,105140.18691588784
2017-04-03,2760.2688769000524,96202.68000000001,98962.94887690006,4,0.9721080575283427,-0.00319429641462321,101177.02608000003,-0.02188320104753137,105001.54051555919
2017-04-04,2760.2688769000524,96273.14000000001,99033.40887690007,4,0.9721279020059674,0.0007119836342757146,101177.02608000003,-0.021186797894267168,105068.29618979151
2017-04-05,2760.2688769000524,95771.20999999999,98531.47887690004,4,0.9719859185271279,-0.005068289637731538,101177.02608000003,-0.02614770670377447,104729.38276676592
2017-04-06,2760.2688769000524,96090.0,98850.26887690005,4,0.9720762633398857,0.003235412719200914,101177.02608000003,-0.022996892607420785,105001.54051555919
2017-04-07,2760.2688769000524,96042.93000000001,98803.19887690006,4,0.9720629604276365,-0.0004761747290602525,101177.02608000003,-0.023462116797374487,104909.10958200677
2017-04-10,2760.2688769000524,96111.36,98871.62887690005,4,0.9720822959199275,0.0006925889118756245,101177.02608000003,-0.022785777487441757,104965.59515251103
2017-04-11,2760.2688769000524,96175.93,98936.19887690005,4,0.9721005162090928,0.000653069042489296,101177.02608000003,-0.022147589130838575,104847.48895963849
2017-04-12,50602.59476190005,47713.92,98316.51476190005,2,0.48530931060312826,-0.006263472035862527,101177.02608000003,-0.028272340361518315,104452.08996610864
2017-04-13,74228.87042190005,23766.219999999998,97995.09042190005,1,0.24252459891285225,-0.003269281267530788,101177.02608000003,-0.031449191396315974,103748.58786073737
2017-04-17,98188.12945190005,0.0,98188.12945190005,0,0.0,0.001969884707171632,101177.02608000003,-0.02954125797032888,104642.08688507753
2017-04-18,98188.12945190005,0.0,98188.12945190005,0,0.0,0.0,101177.02608000003,-0.02954125797032888,104328.84872137207
2017-04-19,98188.12945190005,0.0,98188.12945190005,0,0.0,0.0,101177.02608000003,-0.02954125797032888,104159.3920098593
2017-04-20,74251.50261190005,24138.41,98389.91261190006,1,0.24533419493128514,0.0020550667491721075,101177.02608000003,-0.02754690047814031,104970.73020437504
2017-04-21,2507.2695419000665,95669.13,98176.39954190007,4,0.9744615859453065,-0.002170070735220464,101177.02608000003,-0.029657192490787167,104652.35698880558
2017-04-24,2507.2695419000665,96762.93,99270.19954190006,4,0.9747429787240248,0.011141170435091885,101177.02608000003,-0.01884643789186144,105797.47355448289
2017-04-25,2507.2695419000665,97575.86000000002,100083.12954190008,4,0.9749481300856965,0.008189063825311482,101177.02608000003,-0.01081170874932622,106403.4096744377
2017-04-26,2507.2695419000665,97636.72,100143.98954190007,4,0.9749633547318282,0.0006080944938329225,101177.02608000003,-0.010210188796052792,106367.46431138953
2017-04-27,2507.2695419000665,97810.14,100317.40954190007,4,0.9750066359034835,0.0017317065237094642,101177.02608000003,-0.008496163322889782,106439.35503748586
2017-04-28,2507.2695419000665,97422.37,99929.63954190006,4,0.9749096508964312,-0.0038654307539514043,101177.02608000003,-0.012328752745842348,106228.81791106089
2017-05-01,2507.2695419000665,97794.83,100302.09954190007,4,0.9750028209444142,0.0037272224908189155,101177.02608000003,-0.00864748225954139,106454.76019307793
2017-05-02,2507.2695419000665,97756.81,100264.07954190006,4,0.9749933420487615,-0.00037905487695322204,101177.02608000003,-0.00902325926617076,106511.24576358219
2017-05-03,2507.2695419000665,97519.44,100026.70954190007,4,0.9749339995948803,-0.0023674480540241127,101177.02608000003,-0.011369345222604273,106403.4096744377
2017-05-04,26727.13805690006,73270.21,99997.34805690007,3,0.7327215313580926,-0.0002935364477595348,101177.02608000003,-0.011659544353153785,106500.97565985416
2017-05-05,100211.24650190007,0.0,100211.24650190007,0,0.0,0.002139041176154821,101177.02608000003,-0.00954544342246552,106922.04991270411
2017-05-08,100211.24650190007,0.0,100211.24650190007,0,0.0,0.0,101177.02608000003,-0.00954544342246552,106916.91486084009
2017-05-09,100211.24650190007,0.0,100211.24650190007,0,0.0,0.0,101177.02608000003,-0.00954544342246552,106814.2138235596
2017-05-10,100211.24650190007,0.0,100211.24650190007,0,0.0,0.0,101177.02608000003,-0.00954544342246552,107004.21074252849
2017-05-11,75862.68379690006,24268.43,100131.11379690006,1,0.2423665240479061,-0.0007996378430288331,101177.02608000003,-0.010337448367705266,106824.48392728766
2017-05-12,75862.68379690006,24142.35,100005.03379690007,1,0.24141134784305585,-0.0012591490818300022,101177.02608000003,-0.011583581060914658,106639.6220601828
2017-05-15,75862.68379690006,24317.68,100180.36379690006,1,0.2427389867469465,0.0017532117468812558,101177.02608000003,-0.0098506777844203,107168.53240217724
2017-05-16,27285.758106900073,72786.36,100072.11810690007,3,0.727339056841461,-0.0010805080546466561,101177.02608000003,-0.010920542102377149,107106.91177980897
2017-05-17,74875.02838560008,23858.82,98733.84838560008,1,0.24164782787378628,-0.013373052820471076,101177.02608000003,-0.02414755393648493,105248.02300503234
2017-05-18,98667.43588560008,0.0,98667.43588560008,0,0.0,-0.0006726416632787391,101177.02608000003,-0.024803952948919766,105617.74673924205
2017-05-19,98667.43588560008,0.0,98667.43588560008,0,0.0,0.0,101177.02608000003,-0.024803952948919766,106295.5735852932
2017-05-22,98667.43588560008,0.0,98667.43588560008,0,0.0,0.0,101177.02608000003,-0.024803952948919766,106850.15918660778
2017-05-23,26559.050800600075,72031.75,98590.80080060007,3,0.7306132967282032,-0.0007767008873004189,101177.02608000003,-0.025561388583956193,107081.23652048885
2017-05-24,2536.065800600074,96285.88,98821.94580060008,4,0.9743370181587269,0.002344488513360332,101177.02608000003,-0.02327682845251648,107317.44890623394
2017-05-25,2536.065800600074,96710.78,99246.84580060007,4,0.9744468876552977,0.004299652233698659,101177.02608000003,-0.01907725848626714,107841.22419636436
2017-05-26,2536.065800600074,96736.08,99272.14580060008,4,0.9744533999930447,0.0002549199402350766,101177.02608000003,-0.01882720171962529,107836.08914450035
2017-05-30,2536.065800600074,96514.05,99050.11580060008,4,0.9743961349252183,-0.002236579034424979,101177.02608000003,-0.021021672229407234,107748.79326281195
2017-05-31,26053.12090060007,72640.97,98694.09090060007,3,0.7360214713681337,-0.00359439155746899,101177.02608000003,-0.024540503665690976,107697.4427441717
2017-06-01,26053.12090060007,73078.69,99131.81090060007,3,0.7371870778520968,0.004435118617596379,101177.02608000003,-0.020214225092787492,108539.59124987162
2017-06-02,2188.0748206000717,97423.13,99611.20482060008,4,0.9780338484556953,0.004835924166468608,101177.02608000003,-0.015476055385951589,108914.45003594535
2017-06-05,2188.0748206000717,97249.71,99437.78482060008,4,0.9779955393762274,-0.001740968802780074,101177.02608000003,-0.0171900808591146,108837.42425798498
2017-06-06,2188.0748206000717,97009.1,99197.17482060008,4,0.9779421659482012,-0.0024197039428632827,101177.02608000003,-0.01956818989554498,108513.91599055148
2017-06-07,75582.19831060007,23773.44,99355.63831060007,1,0.2392762041916614,0.001597459708772675,101177.02608000003,-0.018001989581703987,108703.91290952037
2017-06-08,75582.19831060007,24092.16,99674.35831060007,1,0.24170870430813568,0.0032078702871762843,101177.02608000003,-0.014851867342016972,108729.58816884049
2017-06-09,75582.19831060007,24216.96,99799.15831060006,1,0.2426569563305407,0.0012520772856254858,101177.02608000003,-0.013618385742139645,108637.15723528806
2017-06-12,75582.19831060007,24184.32,99766.51831060008,1,0.2424091810511788,-0.00032705686653589083,101177.02608000003,-0.013940988622107442,108560.1314573277
2017-06-13,75582.19831060007,24299.52,99881.71831060007,1,0.243282959194157,0.0011546960037369658,101177.02608000003,-0.012802390222220603,109063.36654000204
2017-06-14,75582.19831060007,24163.199999999997,99745.39831060007,1,0.24224876945959464,-0.0013648143254413325,101177.02608000003,-0.014149731662086799,108965.80055458558
2017-06-15,75582.19831060007,24038.4,99620.59831060006,1,0.24129949435810819,-0.0012511855395211935,101177.02608000003,-0.01538321326196427,108744.99332443257
2017-06-16,99551.96695060006,0.0,99551.96695060006,0,0.0,-0.0006889274022027214,101177.02608000003,-0.016061542747016863,108770.66858375267
2017-06-19,75297.17590060006,24348.120000000003,99645.29590060006,1,0.2443479120608781,0.0009374897639773394,101177.02608000003,-0.015139110514958561,109674.43771182088
2017-06-20,26787.218985600077,72318.66,99105.87898560008,3,0.7297111002921207,-0.005413370597424527,101177.02608000003,-0.020470527496650296,108960.66550272156
2017-06-21,26787.218985600077,72481.72,99268.93898560008,3,0.7301550791281669,0.0016453110720473507,101177.02608000003,-0.018858896810143785,108904.1799322173
2017-06-22,26787.218985600077,72558.58,99345.79898560008,3,0.7303638477004668,0.000774260315315356,101177.02608000003,-0.01809923819021926,108857.9644654411
2017-06-23,26787.218985600077,72840.76,99627.97898560007,3,0.7311275481210773,0.0028403818065914077,101177.02608000003,-0.015310265130496442,109001.74591763376
2017-06-26,26787.218985600077,72773.60999999999,99560.82898560006,3,0.7309462038582017,-0.0006740074493503112,101177.02608000003,-0.01597395334709725,109047.96138440998
2017-06-27,26787.218985600077,71931.52,98718.73898560008,3,0.728651122767001,-0.008458045283268767,101177.02608000003,-0.024296890209603437,108200.67782684605
2017-06-28,26787.218985600077,72852.06,99639.27898560007,3,0.7311580407012843,0.009324876000839755,101177.02608000003,-0.015198579697174176,109145.52736982644
2017-06-29,26353.861899600073,72258.28,98612.14189960007,3,0.73275236302613,-0.010308555987728951,101177.02608000003,-0.02535046027516084,108210.94793057408
2017-06-30,26353.861899600073,72346.95000000001,98700.81189960008,3,0.7329924506962758,0.0008991793332131515,101177.02608000003,-0.02447407555191446,108390.67474581493
2017-07-03,50456.794119600076,48612.17,99068.96411960007,2,0.49069020184074413,0.0037299816781088957,101177.02608000003,-0.020835381727202777,108626.88713156001
2017-07-05,74792.53467960007,24195.04,98987.57467960007,1,0.2444250207999717,-0.0008215432625473529,101177.02608000003,-0.021639807822269503,108816.8840505289
2017-07-06,50706.547989600076,47967.14,98673.68798960008,2,0.48611885272855715,-0.0031709706093514534,101177.02608000003,-0.02474215923702458,107846.3592482284
2017-07-07,50706.547989600076,48221.94,98928.48798960008,2,0.4874424039015876,0.002582248674305676,101177.02608000003,-0.02222380097060811,108529.32114614356
2017-07-10,26657.089749600083,72267.95999999999,98925.04974960008,3,0.7305324605135429,-3.47548018763133e-05,101177.02608000003,-0.022257783388684765,108642.29228715209
2017-07-11,2577.4814246000897,96500.45000000001,99077.9314246001,4,0.9739853124955319,0.0015454293466317104,101177.02608000003,-0.020746751873692976,108565.26650919173
2017-07-12,2577.4814246000897,97277.24,99854.7214246001,4,0.9741876859919304,0.007840191946186792,101177.02608000003,-0.013069218444455882,109356.0644962514
2017-07-13,2577.4814246000897,97435.91,100013.3914246001,4,0.9742286369066562,0.001589008488895649,101177.02608000003,-0.01150097705461172,109566.60162267637
2017-07-14,26945.92077460009,73484.05000000002,100429.97077460011,3,0.7316944278010781,0.004165235715599902,101177.02608000003,-0.007383645619404009,110059.56660162268
2017-07-17,26945.92077460009,73558.44,100504.36077460009,3,0.7318930187016325,0.000740715141368975,101177.02608000003,-0.00664839965614388,110059.56660162268
2017-07-18,26945.92077460009,73671.85,100617.7707746001,3,0.732195211967444,0.001128408748893417,101177.02608000003,-0.005527493019588553,110131.45732771899
2017-07-19,26945.92077460009,74195.28,101141.20077460009,3,0.7335811660507089,0.005202162560056678,101177.02608000003,-0.00035408537676931916,110706.58313648967
2017-07-20,51518.298154600096,49659.0,101177.2981546001,2,0.4908116831121589,0.000356900844794783,101177.2981546001,0.0,110742.52849953783
2017-07-21,51518.298154600096,49536.53999999999,101054.83815460009,2,0.49019463990646206,-0.001210350565132523,101177.2981546001,-0.0012103505651325664,110650.0975659854
2017-07-24,76027.3170346001,25167.399999999998,101194.7170346001,1,0.24870270640111442,0.0013841878583389366,101194.7170346001,0.0,110629.5573585293
2017-07-25,101116.4907096001,0.0,101116.4907096001,0,0.0,-0.0007730277557201903,101194.7170346001,-0.0007730277557201842,110891.44500359452
2017-07-26,76452.4902096001,24651.0,101103.4902096001,1,0.24381947595375206,-0.00012856953310746988,101194.7170346001,-0.0009014979010099779,110911.98521105062
2017-07-27,76452.4902096001,24753.600000000002,101206.09020960011,1,0.24458607133952842,0.0010148017619104888,101206.09020960011,0.0,110829.82438122624
2017-07-28,76452.4902096001,24788.7,101241.1902096001,1,0.24484797095608854,0.0003468170732343623,101241.1902096001,0.0,110675.77282530552
2017-07-31,76452.4902096001,24865.65,101318.1402096001,1,0.24542150051865966,0.0007600661335636083,101318.1402096001,0.0,110629.5573585293
2017-08-01,76452.4902096001,24941.25,101393.7402096001,1,0.24598412040468873,0.0007461645056217048,101393.7402096001,0.0,110860.63469241037
2017-08-02,51809.9053596001,49623.51,101433.4153596001,2,0.4892225094075314,0.0003912978248754584,101433.4153596001,0.0,110911.98521105062
2017-08-03,51809.9053596001,49599.090000000004,101408.99535960011,2,0.48909951059193285,-0.00024074906591098344,101433.4153596001,-0.00024074906591097534,110716.85324021772
2017-08-04,51809.9053596001,49703.58,101513.4853596001,2,0.4896253913845107,0.0010303819659140956,101513.4853596001,0.0,110901.71510732257
2017-08-07,51809.9053596001,49775.04,101584.9453596001,2,0.4899844147555679,0.0007039458821342937,101584.9453596001,0.0,111101.9821300195
2017-08-08,27258.561274600113,74244.55000000002,101503.11127460013,3,0.731450977883264,-0.0008055729587713722,101584.9453596001,-0.0008055729587714178,110845.22953681831
2017-08-09,52314.85152460011,49120.87,101435.72152460011,2,0.4842561305002129,-0.000663918072596803,101584.9453596001,-0.0014689561969221494,110845.22953681831
2017-08-10,76349.32942130012,24259.2,100608.52942130012,1,0.24112468534764228,-0.008154840236428762,101584.9453596001,-0.00961181733025074,109273.90366642702
2017-08-11,76349.32942130012,24293.399999999998,100642.72942130012,1,0.24138256324811597,0.00033993141731336607,101584.9453596001,-0.009275153271625394,109427.95522234774
2017-08-14,76349.32942130012,24531.66,100880.98942130012,1,0.2431742604897604,0.0023673841257090267,101584.9453596001,-0.006929726996535184,110501.18106192871
2017-08-15,27272.479041300103,73508.87,100781.3490413001,3,0.7293896211875089,-0.0009877022476841857,101584.9453596001,-0.00791058473728909,110516.58621752079
2017-08-16,51836.88041130011,49049.740000000005,100886.62041130011,2,0.4861867688701567,0.0010445521021640314,101584.9453596001,-0.006874295653041741,110706.58313648967
2017-08-17,51836.88041130011,48252.69,100089.57041130011,2,0.4820950854491056,-0.007900452971370653,101584.9453596001,-0.014720438574894277,108996.61086576973
2017-08-18,75862.49374250011,24129.600000000002,99992.09374250012,1,0.24131507899153112,-0.0009738943668099465,101584.9453596001,-0.01567999678949918,108801.47889493682
2017-08-21,75862.49374250011,24153.359999999997,100015.85374250011,1,0.24149531395477575,0.00023761878675299108,101584.9453596001,-0.015446103864559498,108899.04488035328
2017-08-22,75862.49374250011,24371.16,100233.65374250012,1,0.24314348614497702,0.0021776547602216922,101584.9453596001,-0.013302085385945234,109997.94597925438
2017-08-23,27148.849832500113,73029.88,100178.72983250012,3,0.7289958669081423,-0.0005479587738176361,101584.9453596001,-0.013842755165365529,109638.4923487727
2017-08-24,27148.849832500113,72875.59999999999,100024.4498325001,3,0.7285778639326356,-0.001540047475726336,101584.9453596001,-0.015361484140942355,109402.27996302761
2017-08-25,2764.1390675001167,97285.15,100049.28906750011,4,0.9723722267967817,0.00024833163333171093,101584.9453596001,-0.015116967250057801,109612.8170894526
2017-08-28,2764.1390675001167,97464.65000000001,100228.78906750013,4,0.9724217054479369,0.0017941156971030825,101584.9453596001,-0.013349973141190555,109648.76245250076
2017-08-29,27117.17612750012,73301.32,100418.49612750013,3,0.7299583525621637,0.0018927402173065655,101584.9453596001,-0.011482500954948219,109766.8686453733
2017-08-30,27117.17612750012,73856.11,100973.28612750012,3,0.7314420757460647,0.005524779013774461,101584.9453596001,-0.006021160221475409,110280.37383177568
2017-08-31,27117.17612750012,74496.26999999999,101613.44612750011,3,0.7331339782190374,0.006339894684537217,101613.44612750011,0.0,110855.49964054636
2017-09-01,27117.17612750012,74650.29999999999,101767.47612750011,3,0.733537892857575,0.0015158426947425863,101767.47612750011,0.0,111086.57697442743
2017-09-05,27117.17612750012,74025.18,101142.35612750011,3,0.7318909983339108,-0.006142630472792843,101767.47612750011,-0.006142630472792794,110336.85940227995
2017-09-06,27117.17612750012,74220.81,101337.98612750012,3,0.7324085748715967,0.0019342044964167915,101767.47612750011,-0.0042203070798562505,110675.77282530552
2017-09-07,76539.65178750013,24769.53,101309.18178750013,1,0.24449442353561823,-0.00028424030416140944,101767.47612750011,-0.004503347802649652,110670.6377734415
2017-09-08,76539.65178750013,24787.44,101327.09178750013,1,0.24462796240104678,0.000176785555701775,101767.47612750011,-0.004327358373791607,110521.7212693848
2017-09-11,101570.28471250013,0.0,101570.28471250013,0,0.0,0.002400078011811635,101767.47612750011,-0.001937666359662164,111687.37804251822
2017-09-12,52141.103252500136,49406.76,101547.86325250013,2,0.4865366775581425,-0.0002207482243794523,101767.47612750011,-0.0021579868476332606,112108.45229536817
2017-09-13,52141.103252500136,49479.240000000005,101620.34325250014,2,0.48690290168629874,0.0007137520936288944,101767.47612750011,-0.0014457750216349094,112144.39765841633
2017-09-14,52141.103252500136,49395.479999999996,101536.58325250013,2,0.48647963539568617,-0.0008242444112974701,101767.47612750011,-0.0022688277609508576,112108.45229536817
2017-09-15,52141.103252500136,49546.08,101687.18325250014,2,0.48724016552776167,0.001483209254988349,101767.47612750011,-0.0007889836522954995,112277.90900688096
2017-09-18,52141.103252500136,49592.88,101733.98325250013,2,0.4874760469853248,0.0004602349922877558,101767.47612750011,-0.00032911177789277134,112493.58118516995
2017-09-19,52141.103252500136,49683.6,101824.70325250013,2,0.48793267658042605,0.0008917374224386432,101824.70325250013,0.0,112606.55232617848
2017-09-20,52141.103252500136,49643.64,101784.74325250013,2,0.4877316424215729,-0.00039243915006459407,101824.70325250013,-0.0003924391500646058,112657.90284481872
2017-09-21,52141.103252500136,49443.600000000006,101584.70325250014,2,0.48672288658561524,-0.001965324012300651,101824.70325250013,-0.0023569918922802524,112354.93478484132
2017-09-22,52141.103252500136,49389.84,101530.94325250013,2,0.4864511095614568,-0.0005292135358843097,101824.70325250013,-0.0028849580761511526,112380.61004416143
2017-09-25,76370.73392650014,24882.0,101252.73392650014,1,0.2457415126989259,-0.0027401432222303734,101824.70325250013,-0.005617196100062757,112164.93786587243
2017-09-26,101227.75886650014,0.0,101227.75886650014,0,0.0,-0.0002466605989930315,101824.70325250013,-0.00586247115810113,112206.01828078461
2017-09-27,101227.75886650014,0.0,101227.75886650014,0,0.0,0.0,101824.70325250013,-0.00586247115810113,112642.49768922666
2017-09-28,52142.03887650014,49188.240000000005,101330.27887650015,2,0.4854248951584344,0.0010127657783594035,101824.70325250013,-0.004855642689907285,112776.00903769127
2017-09-29,52142.03887650014,49294.7,101436.73887650014,2,0.4859649525998327,0.0010506237738647783,101824.70325250013,-0.0038101203696899867,113150.867823765
2017-10-02,27571.855371500147,74101.36,101673.21537150015,3,0.7288188902971513,0.0023312706778548797,101824.70325250013,-0.0014877321137320336,113654.10290643935
2017-10-03,27571.855371500147,74319.77,101891.62537150015,3,0.7294001811142744,0.002148156711696103,101891.62537150015,0.0,113910.85549964054
2017-10-04,27571.855371500147,74393.27,101965.12537150015,3,0.729595238852061,0.0007213546720057362,101965.12537150015,0.0,114049.50189996917
2017-10-05,27571.855371500147,74913.56999999999,102485.42537150014,3,0.7309680350005404,0.0051027250553001835,102485.42537150014,0.0,114727.32874602031
2017-10-06,27571.855371500147,74917.38,102489.23537150015,3,0.7309780361658622,3.717601782105007e-05,102489.23537150015,0.0,114624.62770873985
2017-10-09,27571.855371500147,74841.52,102413.37537150015,3,0.7307787652590844,-0.0007401752947518991,102489.23537150015,-0.0007401752947519351,114414.09058231486
2017-10-10,27571.855371500147,74999.38,102571.23537150015,3,0.7311931042690639,0.0015414002265561333,102571.23537150015,0.0,114686.24833110813
2017-10-11,27571.855371500147,75152.57999999999,102724.43537150013,3,0.7315939944397136,0.0014935961280480026,102724.43537150013,0.0,114871.11019821298
2017-10-12,77673.82125150015,24909.64,102583.46125150015,1,0.24282315780835215,-0.0013723523472303212,102724.43537150013,-0.0013723523472302895,114701.6534867002
2017-10-13,77673.82125150015,25006.3,102680.12125150015,1,0.2435359414774226,0.000942257151598902,102724.43537150013,-0.00043138830444499493,114824.89473143678
2017-10-16,102752.60014150015,0.0,102752.60014150015,0,0.0,0.0007058707091167626,102752.60014150015,0.0,115014.89165040565
2017-10-17,102752.60014150015,0.0,102752.60014150015,0,0.0,0.0,102752.60014150015,0.0,115071.37722090993
2017-10-18,102752.60014150015,0.0,102752.60014150015,0,0.0,0.0,102752.60014150015,0.0,115189.48341378247
2017-10-19,102752.60014150015,0.0,102752.60014150015,0,0.0,0.0,102752.60014150015,0.0,115245.96898428674
2017-10-20,102752.60014150015,0.0,102752.60014150015,0,0.0,0.0,102752.60014150015,0.0,115810.82468932935
2017-10-23,77690.52583150016,24834.72,102525.24583150016,1,0.2422302897065545,-0.002212638022657365,102752.60014150015,-0.002212638022657398,115400.02054020744
2017-10-24,77690.52583150016,24883.08,102573.60583150016,1,0.2425875525997981,0.00047168870074676406,102752.60014150015,-0.0017419929982647865,115579.74735544829
2017-10-25,77690.52583150016,24767.76,102458.28583150015,1,0.2417350612397744,-0.0011242658290617769,102752.60014150015,-0.002864300364124145,115025.1617541337
2017-10-26,77690.52583150016,24816.12,102506.64583150015,1,0.242092791142465,0.00047199696547273184,102752.60014150015,-0.002393655339731534,115097.05248023004
2017-10-27,77690.52583150016,24985.38,102675.90583150016,1,0.24334219209132785,0.0016512100130390284,102752.60014150015,-0.0007463977543573231,116088.11748998663
2017-10-30,27588.943276500155,74854.31,102443.25327650015,3,0.7306904808847096,-0.002265892403051306,102752.60014150015,-0.00301059890040738,115687.58344459278
2017-10-31,27588.943276500155,75160.1,102749.04327650016,3,0.7314919692025001,0.002984969631671719,102752.60014150015,-3.461581502651255e-05,115836.49994864948
2017-11-01,27588.943276500155,75020.53,102609.47327650015,3,0.7311267430234569,-0.0013583581466974914,102752.60014150015,-0.001392926941049657,116005.95666016225
2017-11-02,27588.943276500155,75060.37,102649.31327650015,3,0.7312310974532726,0.0003882682439333429,102752.60014150015,-0.001005199526413599,116057.30717880248
2017-11-03,27588.943276500155,75360.2,102949.14327650015,3,0.7320138623941537,0.0029209157901755045,102949.14327650015,0.0,116432.16596487624
2017-11-06,52402.879636500154,50693.740000000005,103096.61963650017,2,0.49171098120129314,0.0014325166320610094,103096.61963650017,0.0,116596.48762452499
2017-11-07,52402.879636500154,50698.479999999996,103101.35963650016,2,0.4917343493698372,4.59762892004445e-05,103101.35963650016,0.0,116545.13710588476
2017-11-08,52402.879636500154,50840.520000000004,103243.39963650017,2,0.4924336100806399,0.0013776733934527385,103243.39963650017,0.0,116729.9989729896
2017-11-09,52402.879636500154,50616.850000000006,103019.72963650015,2,0.49133161364914246,-0.0021664338910527547,103243.39963650017,-0.002166433891052708,116314.05977200367
2017-11-10,52402.879636500154,50606.21,103009.08963650015,2,0.4912790723476915,-0.0001032811873759032,103243.39963650017,-0.0022694913265639445,116272.97935709149
2017-11-13,103038.42348150015,0.0,103038.42348150015,0,0.0,0.00028476948105748967,103243.39963650017,-0.001985368127373684,116385.95049810002
2017-11-14,103038.42348150015,0.0,103038.42348150015,0,0.0,0.0,103243.39963650017,-0.001985368127373684,116118.92780117078
2017-11-15,103038.42348150015,0.0,103038.42348150015,0,0.0,0.0,103243.39963650017,-0.001985368127373684,115518.12673307999
2017-11-16,103038.42348150015,0.0,103038.42348150015,0,0.0,0.0,103243.39963650017,-0.001985368127373684,116473.24637978841
2017-11-17,2934.548051500169,100073.2,103007.74805150017,4,0.9715113852403316,-0.0002977086504578619,103243.39963650017,-0.002282485716565735,116170.27831981101
2017-11-20,2934.548051500169,100360.26000000001,103294.80805150018,4,0.971590556129045,0.002786780659028709,103294.80805150018,0.0,116355.14018691587
2017-11-21,2934.548051500169,101228.44,104162.98805150017,4,0.9718273437965387,0.008404875485775953,104162.98805150017,0.0,117099.72270719933
2017-11-22,2934.548051500169,101150.87999999999,104085.42805150016,4,0.9718063507405841,-0.0007446022954109566,104162.98805150017,-0.0007446022954109676,117038.10208483104
2017-11-24,2934.548051500169,101342.76000000001,104277.30805150018,4,0.9718582296922081,0.0018434857173770247,104277.30805150018,0.0,117299.98972989626
2017-11-27,2934.548051500169,101262.44,104196.98805150017,4,0.9718365366756115,-0.0007702538692343497,104277.30805150018,-0.0007702538692343187,117233.23405566395
2017-11-28,2934.548051500169,102261.14,105195.68805150017,4,0.9721039131369765,0.009584730026038546,105195.68805150017,0.0,118404.02588066139
2017-11-29,2934.548051500169,102018.04,104952.58805150016,4,0.9720392978774359,-0.0023109312225896295,105195.68805150017,-0.0023109312225895844,118362.94546574919
2017-11-30,2934.548051500169,102844.58,105779.12805150017,4,0.9722577780176875,0.007875365585024108,105779.12805150017,0.0,119323.20016432165
2017-12-01,2934.548051500169,102542.94,105477.48805150017,4,0.9721784420001797,-0.002851602254209773,105779.12805150017,-0.0028516022542097474,119138.33829721679
2017-12-04,105076.81987150016,0.0,105076.81987150016,0,0.0,-0.0037986132150243934,105779.12805150017,-0.006639383335227323,118984.28674129608
2017-12-05,105076.81987150016,0.0,105076.81987150016,0,0.0,0.0,105779.12805150017,-0.006639383335227323,118573.48259217417
2017-12-06,105076.81987150016,0.0,105076.81987150016,0,0.0,0.0,105779.12805150017,-0.006639383335227323,118588.88774776623
2017-12-07,105076.81987150016,0.0,105076.81987150016,0,0.0,0.0,105779.12805150017,-0.006639383335227323,118953.47643011193
2017-12-08,105076.81987150016,0.0,105076.81987150016,0,0.0,0.0,105779.12805150017,-0.006639383335227323,119600.49296497893
2017-12-11,79556.94174650018,25693.5,105250.44174650018,1,0.24411774025503669,0.0016523327905464402,105779.12805150017,-0.0049980210154747795,119985.62185478072
2017-12-12,79556.94174650018,25658.5,105215.44174650018,1,0.24386629542287208,-0.00033254017198613983,105779.12805150017,-0.005328899144692858,120196.15898120569
2017-12-13,79556.94174650018,25709.25,105266.19174650018,1,0.24423083587855515,0.00048234364801968965,105779.12805150017,-0.004849125857326644,120165.34867002154
2017-12-14,53939.479886500165,51000.44,104939.91988650017,2,0.485996559318518,-0.0030994933376684575,105779.12805150017,-0.007933589361706805,119692.92389853136
2017-12-15,53939.479886500165,51648.01,105587.48988650017,2,0.489148951788875,0.006170864249757324,105779.12805150017,-0.0018116822149138413,120689.12396015198
2017-12-18,53939.479886500165,52214.69,106154.16988650017,2,0.4918760144403922,0.005366923682049274,106154.16988650017,0.0,121459.38173975555
2017-12-19,53939.479886500165,51863.29000000001,105802.76988650017,2,0.4901883954043576,-0.0033102797598597578,106154.16988650017,-0.0033102797598597434,121012.63222758548
2017-12-20,53939.479886500165,51882.28999999999,105821.76988650016,2,0.49027993063853204,0.00017957941952140288,106154.16988650017,-0.0031312947984559643,120945.87655335317
2017-12-21,53939.479886500165,51994.83,105934.30988650017,2,0.4908214350544989,0.0010634862762237685,106154.16988650017,-0.002071138611277112,121146.1435760501
2017-12-22,53939.479886500165,51918.08,105857.55988650017,2,0.4904522648705133,-0.0007245055929682165,106154.16988650017,-0.0027941436527376684,121120.46831672998
2017-12-26,79774.93026150017,25938.36,105713.29026150017,1,0.24536517533260924,-0.0013628655823418878,106154.16988650017,-0.004153201192863069,120966.41676080927
2017-12-27,79774.93026150017,25917.680000000004,105692.61026150017,1,0.24521752216995663,-0.00019562346369916828,106154.16988650017,-0.004348012192959477,121058.8476943617
2017-12-28,79774.93026150017,26022.96,105797.89026150017,1,0.24596860991915023,0.000996096129516788,106154.16988650017,-0.003356247101559261,121289.92502824277
2017-12-29,105571.60500150017,0.0,105571.60500150017,0,0.0,-0.0021388447297077118,106154.16988650017,-0.0054879133398422035,120873.98582725684
2018-01-02,105571.60500150017,0.0,105571.60500150017,0,0.0,0.0,106154.16988650017,-0.0054879133398422035,121700.72917736467
2018-01-03,2969.4810415001702,103023.17,105992.65104150017,4,0.971984085572711,0.003988250817954508,106154.16988650017,-0.001521549696754205,122470.98695696825
2018-01-04,2969.4810415001702,103398.76,106368.24104150017,4,0.9720830107518502,0.0035435475602261235,106368.24104150017,0.0,122969.08698777856
2018-01-05,2969.4810415001702,104112.93000000001,107082.41104150018,4,0.9722691989037365,0.006714128136436681,107082.41104150018,0.0,123795.83033788641
2018-01-08,2969.4810415001702,104292.25000000001,107261.73104150018,4,0.9723155592151383,0.0016745980806363026,107261.73104150018,0.0,124026.90767176748
2018-01-09,2969.4810415001702,104441.57,107411.05104150018,4,0.9723540453919135,0.001392108802926284,107411.05104150018,0.0,124309.33552428879
2018-01-10,2969.4810415001702,104321.17,107290.65104150017,4,0.9723230215058386,-0.0011209274914690814,107411.05104150018,-0.0011209274914691044,124103.93344972783
2018-01-11,2969.4810415001702,105339.06,108308.54104150017,4,0.9725831313676142,0.009487219903310029,108308.54104150017,0.0,125017.97268152407
2018-01-12,2969.4810415001702,106055.64,109025.12104150017,4,0.972763331852942,0.006616098722310726,109025.12104150017,0.0,125854.98613535996
2018-01-16,2969.4810415001702,105557.51,108526.99104150017,4,0.9726383177769606,-0.004568947002685619,109025.12104150017,-0.0045689470026856705,125454.4520899661
2018-01-17,2969.4810415001702,106666.48,109635.96104150017,4,0.9729150817551904,0.010218379680092093,109635.96104150017,0.0,126609.83875937146
2018-01-18,109260.89728150019,0.0,109260.89728150019,0,0.0,-0.0034209921310217606,109635.96104150017,-0.0034209921310217155,126414.70678853855
2018-01-19,109260.89728150019,0.0,109260.89728150019,0,0.0,0.0,109635.96104150017,-0.0034209921310217155,126964.1573379891
2018-01-22,109260.89728150019,0.0,109260.89728150019,0,0.0,0.0,109635.96104150017,-0.0034209921310217155,127996.30276265788
2018-01-23,109260.89728150019,0.0,109260.89728150019,0,0.0,0.0,109635.96104150017,-0.0034209921310217155,128253.05535585908
2018-01-24,109260.89728150019,0.0,109260.89728150019,0,0.0,0.0,109635.96104150017,-0.0034209921310217155,128201.70483721884
2018-01-25,109260.89728150019,0.0,109260.89728150019,0,0.0,0.0,109635.96104150017,-0.0034209921310217155,128278.7306151792
2018-01-26,109260.89728150019,0.0,109260.89728150019,0,0.0,0.0,109635.96104150017,-0.0034209921310217155,129757.62555201806
2018-01-29,109260.89728150019,0.0,109260.89728150019,0,0.0,0.0,109635.96104150017,-0.0034209921310217155,128889.80178699804
2018-01-30,109260.89728150019,0.0,109260.89728150019,0,0.0,0.0,109635.96104150017,-0.0034209921310217155,127523.8779911677
2018-01-31,109260.89728150019,0.0,109260.89728150019,0,0.0,0.0,109635.96104150017,-0.0034209921310217155,127652.2542877683
2018-02-01,109260.89728150019,0.0,109260.89728150019,0,0.0,0.0,109635.96104150017,-0.0034209921310217155,127549.5532504878
2018-02-02,109260.89728150019,0.0,109260.89728150019,0,0.0,0.0,109635.96104150017,-0.0034209921310217155,124750.94998459483
2018-02-05,109260.89728150019,0.0,109260.89728150019,0,0.0,0.0,109635.96104150017,-0.0034209921310217155,119590.22286125088
2018-02-06,109260.89728150019,0.0,109260.89728150019,0,0.0,0.0,109635.96104150017,-0.0034209921310217155,121834.24052582929
2018-02-07,109260.89728150019,0.0,109260.89728150019,0,0.0,0.0,109635.96104150017,-0.0034209921310217155,121202.62914655436
2018-02-08,109260.89728150019,0.0,109260.89728150019,0,0.0,0.0,109635.96104150017,-0.0034209921310217155,116719.72886926157
2018-02-09,109260.89728150019,0.0,109260.89728150019,0,0.0,0.0,109635.96104150017,-0.0034209921310217155,118516.99702166991
2018-02-12,109260.89728150019,0.0,109260.89728150019,0,0.0,0.0,109635.96104150017,-0.0034209921310217155,120139.67341070143
2018-02-13,109260.89728150019,0.0,109260.89728150019,0,0.0,0.0,109635.96104150017,-0.0034209921310217155,120468.31672999896
2018-02-14,109260.89728150019,0.0,109260.89728150019,0,0.0,0.0,109635.96104150017,-0.0034209921310217155,122106.39827462255
2018-02-15,2838.659256500192,106945.97,109784.6292565002,4,0.9741433816762457,0.00479340723013344,109784.6292565002,0.0,123585.29321146141
2018-02-16,2838.659256500192,106955.93,109794.58925650019,4,0.9741457272555702,9.072308270696716e-05,109794.58925650019,0.0,123687.9942487419
2018-02-20,2838.659256500192,106329.76000000001,109168.4192565002,4,0.9739974318962105,-0.005703104353686705,109794.58925650019,-0.00570310435368665,122912.6014172743
2018-02-21,2838.659256500192,105972.96,108811.6192565002,4,0.9739121678741987,-0.0032683444757194424,109794.58925650019,-0.008952809119797237,122245.0446749512
2018-02-22,2838.659256500192,106150.7,108989.35925650019,4,0.9739547119474335,0.0016334652605527467,109794.58925650019,-0.0073339679619259905,122378.55602341582
2018-02-23,2838.659256500192,107832.69,110671.3492565002,4,0.9743505498435634,0.015432607471721482,110671.3492565002,0.0,124365.82109479305
2018-02-26,2838.659256500192,109111.14000000001,111949.7992565002,4,0.9746434627363981,0.011551770251187365,111949.7992565002,0.0,125839.58097976788
2018-02-27,2838.659256500192,107725.10999999999,110563.76925650018,4,0.9743255925915957,-0.012380817198468952,111949.7992565002,-0.012380817198468983,124242.57985005647
2018-02-28,2838.659256500192,106453.41000000002,109292.06925650021,4,0.9740268504767892,-0.011501959534770512,111949.7992565002,-0.023740373074815305,122897.19626168224
2018-03-01,80924.55010680019,26699.559999999998,107624.11010680019,1,0.2480815866770451,-0.0152614838482511,111949.7992565002,-0.038639543602833684,121228.30440587449
2018-03-02,107854.01820680019,0.0,107854.01820680019,0,0.0,0.0021362137143048354,111949.7992565002,-0.0365858722114877,121839.37557769332
2018-03-05,107854.01820680019,0.0,107854.01820680019,0,0.0,0.0,111949.7992565002,-0.0365858722114877,123220.70452911574
2018-03-06,29011.832971800206,78899.77,107911.60297180021,3,0.7311518671501741,0.0005339139510742719,111949.7992565002,-0.036071491967999435,123539.07774468522
2018-03-07,29011.832971800206,79198.96,108210.79297180021,3,0.731895200330334,0.002772547082617205,111949.7992565002,-0.03339895479520383,123539.07774468522
2018-03-08,29011.832971800206,79399.46,108411.29297180021,3,0.7323910436217496,0.0018528650839131355,111949.7992565002,-0.031607973468469934,124083.39324227172
2018-03-09,29011.832971800206,80790.26000000001,109802.09297180022,3,0.7357806924568265,0.012828921802102045,111949.7992565002,-0.01918454788631778,126224.70986956966
2018-03-12,2768.943386800209,106985.48,109754.4233868002,4,0.9747714643168248,-0.00043414095041205414,111949.7992565002,-0.019610360038877245,126127.14388415322
2018-03-13,2768.943386800209,106153.13,108922.07338680021,4,0.97457867537127,-0.007583749012708085,111949.7992565002,-0.027045389003001647,125300.40053404537
2018-03-14,28460.072693500217,80027.78,108487.85269350022,3,0.7376658124674512,-0.00398652614477879,111949.7992565002,-0.0309240979974243,124637.9788435863
2018-03-15,28460.072693500217,79846.8,108306.87269350022,3,0.7372274539396965,-0.0016682051999987735,111949.7992565002,-0.03254071545633848,124535.27780630584
2018-03-16,28460.072693500217,79941.47,108401.54269350022,3,0.7374569403133902,0.0008740904214630252,111949.7992565002,-0.03169506856256345,124668.78915477045
2018-03-19,28460.072693500217,78772.04999999999,107232.1226935002,3,0.7345937767655017,-0.010787853852841311,111949.7992565002,-0.042141000647895985,123025.57255828283
2018-03-20,107297.23823350023,0.0,107297.23823350023,0,0.0,0.0006072391216775941,111949.7992565002,-0.04155935119043841,123169.3540104755
2018-03-21,107297.23823350023,0.0,107297.23823350023,0,0.0,0.0,111949.7992565002,-0.04155935119043841,122928.00657286636
2018-03-22,107297.23823350023,0.0,107297.23823350023,0,0.0,0.0,111949.7992565002,-0.04155935119043841,119888.05586936427
2018-03-23,107297.23823350023,0.0,107297.23823350023,0,0.0,0.0,111949.7992565002,-0.04155935119043841,117299.98972989626
2018-03-26,107297.23823350023,0.0,107297.23823350023,0,0.0,0.0,111949.7992565002,-0.04155935119043841,120540.2074560953
2018-03-27,107297.23823350023,0.0,107297.23823350023,0,0.0,0.0,111949.7992565002,-0.04155935119043841,118547.80733285405
2018-03-28,107297.23823350023,0.0,107297.23823350023,0,0.0,0.0,111949.7992565002,-0.04155935119043841,118131.86813186812
2018-03-29,107297.23823350023,0.0,107297.23823350023,0,0.0,0.0,111949.7992565002,-0.04155935119043841,119759.67957276366
2018-04-02,107297.23823350023,0.0,107297.23823350023,0,0.0,0.0,111949.7992565002,-0.04155935119043841,117074.04744787922
2018-04-03,107297.23823350023,0.0,107297.23823350023,0,0.0,0.0,111949.7992565002,-0.04155935119043841,118532.40217726199
2018-04-04,107297.23823350023,0.0,107297.23823350023,0,0.0,0.0,111949.7992565002,-0.04155935119043841,119918.86618054842
2018-04-05,29008.849663500238,78434.59,107443.43966350023,3,0.7300081814734113,0.001362583347036761,111949.7992565002,-0.04025339592324741,120740.47447879222
2018-04-06,79494.87988490023,25762.44,105257.31988490024,1,0.24475675447723202,-0.0203467032091178,111949.7992565002,-0.05978107523235581,118065.1124576358
2018-04-09,79494.87988490023,25943.399999999998,105438.27988490023,1,0.24605295181522913,0.0017192153495630969,111949.7992565002,-0.058164636424945584,118578.61764403818
2018-04-10,79494.87988490023,26515.859999999997,106010.73988490023,1,0.25012428013227,0.005429337434420534,111949.7992565002,-0.05305109442842639,120514.53219677517
2018-04-11,2488.2168449002347,103482.11999999998,105970.33684490022,4,0.9765196854234593,-0.00038112213954821783,111949.7992565002,-0.05341199762136064,119888.05586936427
2018-04-12,2488.2168449002347,104498.9,106987.11684490023,4,0.9767428367239075,0.009594949211949588,111949.7992565002,-0.04432953381389673,120884.25593098489
2018-04-13,2488.2168449002347,104009.16,106497.37684490024,4,0.9766358860789219,-0.004577560499269939,111949.7992565002,-0.04870417319022911,120524.80230050323
2018-04-16,2488.2168449002347,104894.14,107382.35684490023,4,0.9768284388794508,0.00830987603843858,111949.7992565002,-0.04079902279355601,121551.81267330798
2018-04-17,2488.2168449002347,106253.07999999999,108741.29684490022,4,0.9771180138816146,0.01265515155308794,111949.7992565002,-0.028660189057138366,122804.7653281298
2018-04-18,2488.2168449002347,106349.7,108837.91684490023,4,0.9771383271838427,0.0008885308783637136,111949.7992565002,-0.02779712364173165,122917.73646913833
2018-04-19,2488.2168449002347,105692.56,108180.77684490023,4,0.9769994548248844,-0.006037785535131679,111949.7992565002,-0.03366707610582098,122234.77457122316
2018-04-20,29169.07930490024,78004.16,107173.23930490024,3,0.7278324375181356,-0.009313461868040607,111949.7992565002,-0.04266698094434162,121228.30440587449
2018-04-23,29169.07930490024,77944.52,107113.59930490024,3,0.7276808967844496,-0.000556482200097852,111949.7992565002,-0.04319971972901199,121187.22399096229
2018-04-24,29169.07930490024,77003.02,106172.09930490024,3,0.7252660586362356,-0.008789733573605463,111949.7992565002,-0.05160973927574496,119585.08780938685
2018-04-25,106212.21741490024,0.0,106212.21741490024,0,0.0,0.00037785925174915747,111949.7992565002,-0.05125138124146143,119852.11050631611
2018-04-26,106212.21741490024,0.0,106212.21741490024,0,0.0,0.0,111949.7992565002,-0.05125138124146143,121038.30748690561
2018-04-27,106212.21741490024,0.0,106212.21741490024,0,0.0,0.0,111949.7992565002,-0.05125138124146143,121192.35904282631
2018-04-30,106212.21741490024,0.0,106212.21741490024,0,0.0,0.0,111949.7992565002,-0.05125138124146143,120262.914655438
2018-05-01,106212.21741490024,0.0,106212.21741490024,0,0.0,0.0,111949.7992565002,-0.05125138124146143,120458.04662627092
2018-05-02,80302.90965490024,25697.280000000002,106000.18965490024,1,0.24242673606209017,-0.001996265261761221,111949.7992565002,-0.053145335151233056,119641.57337989112
2018-05-03,80302.90965490024,25693.92,105996.82965490024,1,0.2424027217007633,-3.169805649350099e-05,111949.7992565002,-0.053175348603890546,119379.6857348259
2018-05-04,80302.90965490024,26182.8,106485.70965490025,1,0.24588088002468528,0.004612213418001998,111949.7992565002,-0.04880839124222633,120894.52603471294
2018-05-07,2886.6118899002468,103907.04000000001,106793.65188990025,4,0.9729701921526551,0.002891864420099033,111949.7992565002,-0.0460576740721629,121346.41059874704
2018-05-08,2886.6118899002468,104007.90999999999,106894.52188990024,4,0.9729956985740259,0.0009445317976761736,111949.7992565002,-0.0451566452121748,121336.14049501898
2018-05-09,2886.6118899002468,104899.67,107786.28188990025,4,0.973219116205819,0.008342429380230554,111949.7992565002,-0.037190931955674876,122506.93232001642
2018-05-10,2886.6118899002468,105774.69,108661.30188990025,4,0.9734347754012272,0.008118101716263038,111949.7992565002,-0.029374750007950683,123657.18393755775
2018-05-11,2886.6118899002468,105971.45,108858.06188990024,4,0.9734827918136207,0.0018107642424471937,111949.7992565002,-0.02761717651244868,123949.8818938071
2018-05-14,2886.6118899002468,106031.03,108917.64188990025,4,0.9734972972255662,0.0005473182138797661,111949.7992565002,-0.027084973682290032,124088.52829413576
2018-05-15,2886.6118899002468,105347.21999999999,108233.83188990023,4,0.9733298559286284,-0.006278229937178081,111949.7992565002,-0.03319315792684827,123215.5694772517
2018-05-16,29706.994569900242,79123.95000000001,108830.94456990025,3,0.727035406268849,0.005516876466199916,111949.7992565002,-0.027859404012453917,123723.93961179006
2018-05-17,29706.994569900242,79219.78,108926.77456990024,3,0.7272755510552942,0.000880540000628649,111949.7992565002,-0.02700339533145199,123662.31898942178
2018-05-18,29706.994569900242,79185.28,108892.27456990024,3,0.7271891446180537,-0.0003167265361176952,111949.7992565002,-0.02731156917570296,123359.35092944436
2018-05-21,109533.68021990024,0.0,109533.68021990024,0,0.0,0.0058902769047062264,111949.7992565002,-0.02158216497614377,124273.3901612406
2018-05-22,82817.86440490025,26549.66,109367.52440490025,1,0.24275634055414747,-0.0015169381204613863,111949.7992565002,-0.02306636428783073,123919.07158262297
2018-05-23,82817.86440490025,26773.44,109591.30440490025,1,0.2443025944930979,0.002046128420823745,111949.7992565002,-0.02106743261054141,124278.52521310464
2018-05-24,82817.86440490025,26765.09,109582.95440490024,1,0.24424501187570774,-7.619217642629295e-05,111949.7992565002,-0.021142019613425392,124037.17777549553
2018-05-25,82817.86440490025,26791.81,109609.67440490024,1,0.2444292453696244,0.0002438335427723537,111949.7992565002,-0.020903341204196804,123754.74992297421
2018-05-29,82817.86440490025,26673.24,109491.10440490025,1,0.24361102342489702,-0.0010817475797071374,111949.7992565002,-0.021962476645148547,122347.74571223167
2018-05-30,82817.86440490025,26865.29,109683.15440490024,1,0.24493542463982745,0.0017540237724682495,111949.7992565002,-0.020246975578818254,123924.206634487
2018-05-31,29633.836404900256,79648.12,109281.95640490025,3,0.728831388275078,-0.0036577904982468823,111949.7992565002,-0.023830706882174695,123118.00349183525
2018-06-01,29633.836404900256,80534.23000000001,110168.06640490027,3,0.7310124669340466,0.008108474895131668,111949.7992565002,-0.01591546267553031,124391.49635411317
2018-06-04,29633.836404900256,81039.01999999999,110672.85640490025,3,0.7322393460553336,0.004581999271410675,111949.7992565002,-0.01140638804250305,124971.75721474786
2018-06-05,3013.6582799002645,107919.79000000001,110933.44827990027,4,0.9728336374048665,0.002354614161639068,111949.7992565002,-0.00907863152368199,125105.26856321248
2018-06-06,30759.353074900268,81094.25,111853.60307490027,3,0.7250034667698371,0.008294656023657643,111949.7992565002,-0.0008592796256787654,126127.14388415322
2018-06-07,30759.353074900268,81052.4,111811.75307490026,3,0.7249005383692066,-0.000374149771214638,111949.7992565002,-0.001233107897618037,126096.33357296907
2018-06-08,30759.353074900268,81293.95,112053.30307490026,3,0.7254935621635387,0.002160327455363209,112053.30307490026,0.0,126486.59751463488
2018-06-11,30759.353074900268,81390.25,112149.60307490027,3,0.7257292738311583,0.0008594124167462525,112149.60307490027,0.0,126650.91917428364
2018-06-12,30759.353074900268,81532.3,112291.65307490027,3,0.7260762288860125,0.0012666117053052872,112291.65307490027,0.0,126825.51093766045
2018-06-13,30759.353074900268,81225.2,111984.55307490026,3,0.7253250360848693,-0.0027348426315815244,112291.65307490027,-0.0027348426315815778,126389.03152921842
2018-06-14,85120.10837490027,27016.25,112136.35837490027,1,0.24092319736010892,0.0013555914260645618,112291.65307490027,-0.0013829585347400184,126691.99958919584
2018-06-15,85120.10837490027,26922.5,112042.60837490027,1,0.24028805104140333,-0.0008360357100822835,112291.65307490027,-0.0022178380421016856,125942.28201704835
2018-06-18,85120.10837490027,26815.0,111935.10837490027,1,0.2395584405045598,-0.0009594564207243694,112291.65307490027,-0.0031751665438763976,125742.01499435143
2018-06-19,111614.97899990027,0.0,111614.97899990027,0,0.0,-0.0028599550190080425,112291.65307490027,-0.006026040729391085,125238.77991167709
2018-06-20,111614.97899990027,0.0,111614.97899990027,0,0.0,0.0,112291.65307490027,-0.006026040729391085,125480.12734928622
2018-06-21,111614.97899990027,0.0,111614.97899990027,0,0.0,0.0,112291.65307490027,-0.006026040729391085,124673.92420663447
2018-06-22,111614.97899990027,0.0,111614.97899990027,0,0.0,0.0,112291.65307490027,-0.006026040729391085,124910.13659237957
2018-06-25,111614.97899990027,0.0,111614.97899990027,0,0.0,0.0,112291.65307490027,-0.006026040729391085,123236.1096847078
2018-06-26,111614.97899990027,0.0,111614.97899990027,0,0.0,0.0,112291.65307490027,-0.006026040729391085,123467.18701858887
2018-06-27,111614.97899990027,0.0,111614.97899990027,0,0.0,0.0,112291.65307490027,-0.006026040729391085,122655.84882407311
2018-06-28,111614.97899990027,0.0,111614.97899990027,0,0.0,0.0,112291.65307490027,-0.006026040729391085,123159.08390674744
2018-06-29,111614.97899990027,0.0,111614.97899990027,0,0.0,0.0,112291.65307490027,-0.006026040729391085,123359.35092944436
2018-07-02,111614.97899990027,0.0,111614.97899990027,0,0.0,0.0,112291.65307490027,-0.006026040729391085,123585.29321146141
2018-07-03,111614.97899990027,0.0,111614.97899990027,0,0.0,0.0,112291.65307490027,-0.006026040729391085,123148.8138030194
2018-07-05,111614.97899990027,0.0,111614.97899990027,0,0.0,0.0,112291.65307490027,-0.006026040729391085,124119.3386053199
2018-07-06,2998.0741549002705,109492.01000000001,112490.08415490028,4,0.9733481028356963,0.007840391700479454,112490.08415490028,0.0,125182.29434117283
2018-07-09,2998.0741549002705,110529.31,113527.38415490027,4,0.9735916212883967,0.009221257213850143,113527.38415490027,0.0,126337.68101057819
2018-07-10,2998.0741549002705,110660.83,113658.90415490027,4,0.9736221796506648,0.0011584870115615153,113658.90415490027,0.0,126753.62021156412
2018-07-11,2998.0741549002705,109872.31999999999,112870.39415490026,4,0.9734379047991469,-0.006937511898983173,113658.90415490027,-0.006937511898983179,125890.93149840811
2018-07-12,2998.0741549002705,110946.22,113944.29415490027,4,0.973688246724978,0.009514452465951395,113944.29415490027,0.0,126969.29238985312
2018-07-13,2998.0741549002705,111024.29999999999,114022.37415490026,4,0.9737062644316863,0.0006852471251772574,114022.37415490026,0.0,127092.5336345897
2018-07-16,2998.0741549002705,110885.65,113883.72415490026,4,0.9736742526015183,-0.00121598941460066,114022.37415490026,-0.0012159894146006563,127015.50785662934
2018-07-17,2998.0741549002705,111336.29000000001,114334.36415490028,4,0.9737780134864923,0.003957018470761131,114334.36415490028,0.0,127487.93262811954
2018-07-18,2998.0741549002705,111518.66,114516.73415490027,4,0.9738197724810687,0.0015950585053581268,114516.73415490027,0.0,127775.49553250486
2018-07-19,2998.0741549002705,111317.37,114315.44415490027,4,0.9737736735655962,-0.0017577343738054418,114516.73415490027,-0.0017577343738054442,127277.39550169455
2018-07-20,114117.38023990029,0.0,114117.38023990029,0,0.0,-0.0017326085417784798,114516.73415490027,-0.003487297449993656,127164.42436068603
2018-07-23,114117.38023990029,0.0,114117.38023990029,0,0.0,0.0,114516.73415490027,-0.003487297449993656,127400.63674643112
2018-07-24,114117.38023990029,0.0,114117.38023990029,0,0.0,0.0,114516.73415490027,-0.003487297449993656,127996.30276265788
2018-07-25,114117.38023990029,0.0,114117.38023990029,0,0.0,0.0,114516.73415490027,-0.003487297449993656,129177.36469138337
2018-07-26,114117.38023990029,0.0,114117.38023990029,0,0.0,0.0,114516.73415490027,-0.003487297449993656,128792.23580158158
2018-07-27,113532.6007719003,0.0,113532.6007719003,0,0.0,-0.0051243681441920375,114516.73415490027,-0.00859379539822361,127960.35739960973
2018-07-30,113532.6007719003,0.0,113532.6007719003,0,0.0,0.0,114516.73415490027,-0.00859379539822361,127246.58519051042
2018-07-31,113532.6007719003,0.0,113532.6007719003,0,0.0,0.0,114516.73415490027,-0.00859379539822361,127837.11615487315
2018-08-01,113532.6007719003,0.0,113532.6007719003,0,0.0,0.0,114516.73415490027,-0.00859379539822361,127698.46975454451
2018-08-02,113532.6007719003,0.0,113532.6007719003,0,0.0,0.0,114516.73415490027,-0.00859379539822361,128381.43165245967
2018-08-03,30831.702121900307,82682.16,113513.86212190031,3,0.7283882202088169,-0.0001650508300926612,114516.73415490027,-0.008757427815252182,128941.15230563827
2018-08-06,30831.702121900307,83098.24,113929.94212190031,3,0.7293801651464752,0.003665455409782359,114516.73415490027,-0.005124072366631075,129413.57707712847
2018-08-07,30831.702121900307,83353.1,114184.80212190031,3,0.7299841874842039,0.0022369887604025696,114516.73415490027,-0.002898546098520198,129829.5162781144
2018-08-08,30831.702121900307,83350.46,114182.16212190031,3,0.7299779444622485,-2.3120414897048747e-05,114516.73415490027,-0.002921599497828883,129767.8956557461
2018-08-09,30831.702121900307,83371.14,114202.8421219003,3,0.7300268404091862,0.00018111410412702256,114516.73415490027,-0.00274101453657754,129608.70904796137
2018-08-10,30831.702121900307,82889.12,113720.8221219003,3,0.7288825252349037,-0.00422073558804692,114516.73415490027,-0.006950181027022535,128730.61517921329
2018-08-13,30831.702121900307,82598.04000000001,113429.74212190032,3,0.7281867917078909,-0.0025596016153309753,114516.73415490027,-0.009491992947769942,128237.650200267
2018-08-14,30831.702121900307,83213.78,114045.4821219003,3,0.7296543313399729,0.005428382260961762,114516.73415490027,-0.004115136852947029,129028.44818732668
2018-08-15,30831.702121900307,82315.56,113147.2621219003,3,0.7275081911510729,-0.007875980558703088,114516.73415490027,-0.011958706673799849,128088.73369621031
2018-08-16,30831.702121900307,82885.86,113717.56212190031,3,0.7288747529704334,0.0050403340682303455,114516.73415490027,-0.006978648482229432,129146.55438019923
2018-08-17,86384.50412190032,27635.0,114019.50412190032,1,0.24237081377283418,0.0026551923411473055,114516.73415490027,-0.004341985795083724,129577.89873677724
2018-08-20,86384.50412190032,27735.0,114119.50412190032,1,0.24303470483339984,0.0008770429302435989,114516.73415490027,-0.0034687509727848657,129875.7317448906
2018-08-21,86384.50412190032,27803.75,114188.25412190032,1,0.24349045542213507,0.0006024386499836609,114516.73415490027,-0.0028684020324544,130142.75444181985
2018-08-22,86384.50412190032,27707.5,114092.00412190032,1,0.24285225080625486,-0.0008429063106372148,114516.73415490027,-0.003708890548917052,130117.07918249973
2018-08-23,58628.94368190032,55379.490000000005,114008.43368190032,2,0.48574906444655336,-0.0007324828820668428,114516.73415490027,-0.00443865673214539,129927.08226353086
2018-08-24,58628.94368190032,55783.32000000001,114412.26368190032,2,0.4875641666796665,0.003542106377206755,114516.73415490027,-0.0009122725492558933,130712.7451987265
2018-08-27,58628.94368190032,56354.69,114983.63368190032,2,0.4901105330859869,0.004993957654649384,114983.63368190032,0.0,131719.21536407515
2018-08-28,58628.94368190032,56410.56,115039.50368190031,2,0.4903581656261555,0.00048589523753062025,115039.50368190031,0.0,131765.4308308514
2018-08-29,58628.94368190032,56812.8,115441.74368190032,2,0.49213393862576826,0.0034965380336848817,115441.74368190032,0.0,132499.74324740676
2018-08-30,58628.94368190032,56624.71000000001,115253.65368190032,2,0.49130511867575155,-0.0016293066442090165,115441.74368190032,-0.0016293066442090345,131986.23806100438
2018-08-31,86609.32118190032,28643.22,115252.54118190032,1,0.24852571324039696,-9.652622406819411e-06,115441.74368190032,-0.0016389435395340773,131960.56280168428
2018-09-04,86609.32118190032,28520.100000000002,115129.42118190032,1,0.24772208274146776,-0.0010682627796091415,115441.74368190032,-0.0027054554967620662,131765.4308308514
2018-09-05,86609.32118190032,28152.36,114761.68118190032,1,0.24531149866459137,-0.0031941444352351356,115441.74368190032,-0.0058909583163774095,131416.24730409775
2018-09-06,86609.32118190032,27901.26,114510.58118190031,1,0.24365660982611542,-0.0021880125614577306,115441.74368190032,-0.008066081387039889,131005.44315497586
2018-09-07,114387.33482190032,0.0,114387.33482190032,0,0.0,-0.001076287961583322,115441.74368190032,-0.009133687922329197,130717.88025059052
2018-09-10,114387.33482190032,0.0,114387.33482190032,0,0.0,0.0,115441.74368190032,-0.009133687922329197,130969.49779192769
2018-09-11,114387.33482190032,0.0,114387.33482190032,0,0.0,0.0,115441.74368190032,-0.009133687922329197,131447.0576152819
2018-09-12,114387.33482190032,0.0,114387.33482190032,0,0.0,0.0,115441.74368190032,-0.009133687922329197,131467.597822738
2018-09-13,86658.50264190033,27752.489999999998,114410.99264190032,1,0.24256838752254917,0.00020682202305732922,115441.74368190032,-0.008928754947086013,132201.9102392934
2018-09-14,30986.03598690033,83292.15,114278.18598690032,3,0.7288543240400032,-0.001160785794557917,115441.74368190032,-0.010079176369738305,132258.39580979766
2018-09-17,3183.2870069003257,110133.18999999999,113316.47700690031,4,0.9719079952802762,-0.00841550792651058,115441.74368190032,-0.018409862907616658,131565.16380815444
2018-09-18,3183.2870069003257,110827.09,114010.37700690032,4,0.9720789713140966,0.006123557829615045,115441.74368190032,-0.01239903893815159,132258.39580979766
2018-09-19,3183.2870069003257,110899.18999999999,114082.47700690031,4,0.9720966173735184,0.0006323985753999839,115441.74368190032,-0.011774481497312316,132407.31231385437
2018-09-20,3183.2870069003257,111953.19999999998,115136.48700690031,4,0.9723520572005159,0.009239017486763146,115441.74368190032,-0.0026442486510005092,133444.59279038716
2018-09-21,3183.2870069003257,111716.33000000002,114899.61700690034,4,0.9722950598981618,-0.0020572974402611743,115441.74368190032,-0.0046961060852806205,133367.56701242682
2018-09-24,3183.2870069003257,111421.59,114604.87700690032,4,0.9722238085320867,-0.0025651956697324563,115441.74368190032,-0.0072492553240185225,132931.08760398478
2018-09-25,3183.2870069003257,111393.41999999998,114576.70700690031,4,0.9722169794362425,-0.00024580105782334716,115441.74368190032,-0.007493274507214812,132756.49584060797
2018-09-26,3183.2870069003257,110963.9,114147.18700690032,4,0.9721124357912745,-0.003748754971410695,115441.74368190032,-0.011213939028564487,132345.69169148608
2018-09-27,31239.696476900324,83270.55,114510.24647690033,3,0.7271886364928734,0.0031806256423827506,115441.74368190032,-0.008068980728208096,132746.22573687992
2018-09-28,114354.40721690033,0.0,114354.40721690033,0,0.0,-0.0013609197848634125,115441.74368190032,-0.009418919277554755,132694.8752182397
2018-10-01,114354.40721690033,0.0,114354.40721690033,0,0.0,0.0,115441.74368190032,-0.009418919277554755,133213.5154565061
2018-10-02,114354.40721690033,0.0,114354.40721690033,0,0.0,0.0,115441.74368190032,-0.009418919277554755,133172.43504159388
2018-10-03,114354.40721690033,0.0,114354.40721690033,0,0.0,0.0,115441.74368190032,-0.009418919277554755,133239.19071582623
2018-10-04,114354.40721690033,0.0,114354.40721690033,0,0.0,0.0,115441.74368190032,-0.009418919277554755,132222.4504467495
2018-10-05,114354.40721690033,0.0,114354.40721690033,0,0.0,0.0,115441.74368190032,-0.009418919277554755,131436.78751155385
2018-10-08,114354.40721690033,0.0,114354.40721690033,0,0.0,0.0,115441.74368190032,-0.009418919277554755,131431.65245968982
2018-10-09,114354.40721690033,0.0,114354.40721690033,0,0.0,0.0,115441.74368190032,-0.009418919277554755,131287.87100749716
2018-10-10,114354.40721690033,0.0,114354.40721690033,0,0.0,0.0,115441.74368190032,-0.009418919277554755,127082.26353086164
2018-10-11,114354.40721690033,0.0,114354.40721690033,0,0.0,0.0,115441.74368190032,-0.009418919277554755,124463.38708020949
2018-10-12,114354.40721690033,0.0,114354.40721690033,0,0.0,0.0,115441.74368190032,-0.009418919277554755,126050.11810619285
2018-10-15,114354.40721690033,0.0,114354.40721690033,0,0.0,0.0,115441.74368190032,-0.009418919277554755,125351.75105268562
2018-10-16,114354.40721690033,0.0,114354.40721690033,0,0.0,0.0,115441.74368190032,-0.009418919277554755,127980.89760706581
2018-10-17,114354.40721690033,0.0,114354.40721690033,0,0.0,0.0,115441.74368190032,-0.009418919277554755,128063.05843689019
2018-10-18,113768.80667630033,0.0,113768.80667630033,0,0.0,-0.005120926729909714,115441.74368190032,-0.014491612411969166,126219.57481770565
2018-10-19,113768.80667630033,0.0,113768.80667630033,0,0.0,0.0,115441.74368190032,-0.014491612411969166,126127.14388415322
2018-10-22,113768.80667630033,0.0,113768.80667630033,0,0.0,0.0,115441.74368190032,-0.014491612411969166,125598.23354215876
2018-10-23,113768.80667630033,0.0,113768.80667630033,0,0.0,0.0,115441.74368190032,-0.014491612411969166,124910.13659237957
2018-10-24,113768.80667630033,0.0,113768.80667630033,0,0.0,0.0,115441.74368190032,-0.014491612411969166,121115.33326486597
2018-10-25,113768.80667630033,0.0,113768.80667630033,0,0.0,0.0,115441.74368190032,-0.014491612411969166,123308.00041080413
2018-10-26,113768.80667630033,0.0,113768.80667630033,0,0.0,0.0,115441.74368190032,-0.014491612411969166,121120.46831672998
2018-10-29,113768.80667630033,0.0,113768.80667630033,0,0.0,0.0,115441.74368190032,-0.014491612411969166,120422.10126322274
2018-10-30,113768.80667630033,0.0,113768.80667630033,0,0.0,0.0,115441.74368190032,-0.014491612411969166,122337.47560850364
2018-10-31,113768.80667630033,0.0,113768.80667630033,0,0.0,0.0,115441.74368190032,-0.014491612411969166,123616.10352264556
2018-11-01,30917.082546300342,83464.8,114381.88254630034,3,0.7297029751736644,0.005388787031443298,115441.74368190032,-0.009180917593556293,124843.38091814726
2018-11-02,3204.02343630034,110426.65000000001,113630.67343630035,4,0.9718031818398359,-0.006567553298451045,115441.74368190032,-0.01568817472638298,124124.47365718392
2018-11-05,3204.02343630034,110742.44,113946.46343630034,4,0.9718813261976184,0.0027790911595453327,115441.74368190032,-0.01295268243452924,124889.59638492348
2018-11-06,3204.02343630034,111443.91,114647.93343630034,4,0.9720533694741168,0.006156136652649469,115441.74368190032,-0.0068762842649650185,125639.31395707095
2018-11-07,3204.02343630034,114013.95000000001,117217.97343630035,4,0.972666107915255,0.022416801794582275,117217.97343630035,0.0,128324.94608195542
2018-11-08,3204.02343630034,113743.11000000002,116947.13343630036,4,0.972602804855875,-0.002310567160139332,117217.97343630035,-0.002310567160139301,128088.73369621031
2018-11-09,3204.02343630034,112276.59,115480.61343630034,4,0.9722548803564531,-0.012540025196930649,117217.97343630035,-0.014821617786662614,126876.8614563007
2018-11-12,57366.750202500334,55526.25,112893.00020250033,2,0.491848475108293,-0.022407338832048596,117217.97343630035,-0.03689684360692632,124437.71182088938
2018-11-13,57366.750202500334,55354.79,112721.54020250033,2,0.49107552913628616,-0.0015187832699321557,117217.97343630035,-0.03835958856807498,124237.44479819245
2018-11-14,57366.750202500334,54925.91,112292.66020250034,2,0.48913179099106435,-0.0038047741295010873,117217.97343630035,-0.042018413127373956,123369.62103317241
2018-11-15,112818.57481750034,0.0,112818.57481750034,0,0.0,0.004683428231654796,117217.97343630035,-0.0375317751180093,124679.0592584985
2018-11-16,112818.57481750034,0.0,112818.57481750034,0,0.0,0.0,117217.97343630035,-0.0375317751180093,125007.70257779602
2018-11-19,112818.57481750034,0.0,112818.57481750034,0,0.0,0.0,117217.97343630035,-0.0375317751180093,122902.33131354625
2018-11-20,112818.57481750034,0.0,112818.57481750034,0,0.0,0.0,117217.97343630035,-0.0375317751180093,120632.63838964772
2018-11-21,112818.57481750034,0.0,112818.57481750034,0,0.0,0.0,117217.97343630035,-0.0375317751180093,121033.17243504158
2018-11-23,112818.57481750034,0.0,112818.57481750034,0,0.0,0.0,117217.97343630035,-0.0375317751180093,120252.64455170996
2018-11-26,112818.57481750034,0.0,112818.57481750034,0,0.0,0.0,117217.97343630035,-0.0375317751180093,122132.07353394268
2018-11-27,85305.43062750035,27386.73,112692.16062750034,1,0.24302249462166048,-0.0011205086591856706,117217.97343630035,-0.03861022909818063,122522.33747560848
2018-11-28,57796.08326750035,56238.56,114034.64326750035,2,0.49317083290274016,0.011912830781881434,117217.97343630035,-0.027157355441995594,125295.26548218136
2018-11-29,2800.9500375003554,111062.9,113863.85003750035,4,0.9754008841561401,-0.0014977310850997627,117217.97343630035,-0.028614412111660763,125105.26856321248
2018-11-30,2800.9500375003554,111799.93,114600.88003750035,4,0.9755590878832361,0.006472906016766977,117217.97343630035,-0.02232672449521752,125901.20160213618
2018-12-03,2800.9500375003554,113270.54000000001,116071.49003750036,4,0.9758687509172543,0.012832449449941441,117217.97343630035,-0.009780781608743822,127534.14809489575
2018-12-04,2800.9500375003554,109220.41,112021.36003750036,4,0.9749962860961275,-0.034893409214368565,117217.97343630035,-0.04433290600800212,123482.59217418094
2018-12-06,82970.49910750036,27876.64,110847.13910750036,1,0.2514872302925656,-0.010482116353585758,117217.97343630035,-0.054350319682519375,123200.16432165963
2018-12-07,109900.97229470036,0.0,109900.97229470036,0,0.0,-0.008535780178164143,117217.97343630035,-0.062422177479260564,120406.69610763066
2018-12-10,109900.97229470036,0.0,109900.97229470036,0,0.0,0.0,117217.97343630035,-0.062422177479260564,120596.69302659955
2018-12-11,109900.97229470036,0.0,109900.97229470036,0,0.0,0.0,117217.97343630035,-0.062422177479260564,120612.09818219162
2018-12-12,109900.97229470036,0.0,109900.97229470036,0,0.0,0.0,117217.97343630035,-0.062422177479260564,121264.24976892266
2018-12-13,109900.97229470036,0.0,109900.97229470036,0,0.0,0.0,117217.97343630035,-0.062422177479260564,121192.35904282631
2018-12-14,109900.97229470036,0.0,109900.97229470036,0,0.0,0.0,117217.97343630035,-0.062422177479260564,118994.55684502411
2018-12-17,109900.97229470036,0.0,109900.97229470036,0,0.0,0.0,117217.97343630035,-0.062422177479260564,116529.73195029268
2018-12-18,109900.97229470036,0.0,109900.97229470036,0,0.0,0.0,117217.97343630035,-0.062422177479260564,116504.05669097256
2018-12-19,109900.97229470036,0.0,109900.97229470036,0,0.0,0.0,117217.97343630035,-0.062422177479260564,114645.16791619593
2018-12-20,109900.97229470036,0.0,109900.97229470036,0,0.0,0.0,117217.97343630035,-0.062422177479260564,112847.8997637876
2018-12-21,109900.97229470036,0.0,109900.97229470036,0,0.0,0.0,117217.97343630035,-0.062422177479260564,110521.7212693848
2018-12-24,109900.97229470036,0.0,109900.97229470036,0,0.0,0.0,117217.97343630035,-0.062422177479260564,107656.36232925951
2018-12-26,109900.97229470036,0.0,109900.97229470036,0,0.0,0.0,117217.97343630035,-0.062422177479260564,112955.7358529321
2018-12-27,109900.97229470036,0.0,109900.97229470036,0,0.0,0.0,117217.97343630035,-0.062422177479260564,114013.55653692101
2018-12-28,109900.97229470036,0.0,109900.97229470036,0,0.0,0.0,117217.97343630035,-0.062422177479260564,113792.74930676798
2018-12-31,109900.97229470036,0.0,109900.97229470036,0,0.0,0.0,117217.97343630035,-0.062422177479260564,114871.11019821298
2019-01-02,3073.2317747003835,108905.34000000001,111978.5717747004,4,0.9725551797456062,0.01890428661931165,117217.97343630035,-0.04469793759441849,114943.00092430932
2019-01-03,3073.2317747003835,106095.66,109168.89177470039,4,0.9718488323482954,-0.025091229111700475,117217.97343630035,-0.06866764051311695,112149.53271028037
2019-01-04,3073.2317747003835,109992.53,113065.76177470038,4,0.9728190769118574,0.03569579150846591,117217.97343630035,-0.03542299478378545,115934.06593406593
2019-01-07,3073.2317747003835,111141.81,114215.04177470038,4,0.9730925828424367,0.010164703991382584,117217.97343630035,-0.02561835504886843,116807.02475094997
2019-01-08,3073.2317747003835,112353.95999999999,115427.19177470038,4,0.9733751490662707,0.01061287533730515,117217.97343630035,-0.015277364120043749,117880.25059053095
2019-01-09,3073.2317747003835,113096.5,116169.73177470038,4,0.973545331234296,0.0064329729293715054,117217.97343630035,-0.008942670060488746,118475.91660675772
2019-01-10,3073.2317747003835,113567.98999999999,116641.22177470037,4,0.9736522669435295,0.004058630357470339,117217.97343630035,-0.004920334695202704,118963.74653383998
2019-01-11,3073.2317747003835,113431.03,116504.26177470038,4,0.973621293093608,-0.0011741989488461835,117217.97343630035,-0.006088756192221844,118881.5857040156
2019-01-14,3073.2317747003835,112630.85,115704.08177470039,4,0.9734388646661178,-0.006868246601548389,117217.97343630035,-0.012915183714745376,118214.0289616925
2019-01-15,3073.2317747003835,113935.78000000001,117009.0117747004,4,0.9737350847760525,0.011278167373048875,117217.97343630035,-0.001782675945285052,119533.73729074662
2019-01-16,117393.5663547004,0.0,117393.5663547004,0,0.0,0.0032865381406728122,117393.5663547004,0.0,119872.6507137722
2019-01-17,117393.5663547004,0.0,117393.5663547004,0,0.0,0.0,117393.5663547004,0.0,120807.23015302453
2019-01-18,117393.5663547004,0.0,117393.5663547004,0,0.0,0.0,117393.5663547004,0.0,122378.55602341582
2019-01-22,117393.5663547004,0.0,117393.5663547004,0,0.0,0.0,117393.5663547004,0.0,120781.55489370442
2019-01-23,117393.5663547004,0.0,117393.5663547004,0,0.0,0.0,117393.5663547004,0.0,120971.55181267331
2019-01-24,117393.5663547004,0.0,117393.5663547004,0,0.0,0.0,117393.5663547004,0.0,121084.52295368182
2019-01-25,117393.5663547004,0.0,117393.5663547004,0,0.0,0.0,117393.5663547004,0.0,122085.85806716647
2019-01-28,117393.5663547004,0.0,117393.5663547004,0,0.0,0.0,117393.5663547004,0.0,121166.6837835062
2019-01-29,117393.5663547004,0.0,117393.5663547004,0,0.0,0.0,117393.5663547004,0.0,121048.57759063365
2019-01-30,117393.5663547004,0.0,117393.5663547004,0,0.0,0.0,117393.5663547004,0.0,122845.84574304198
2019-01-31,88830.3923547004,28807.199999999997,117637.59235470039,1,0.24488090433830578,0.002078699945639917,117637.59235470039,0.0,123934.47673821505
2019-02-01,88830.3923547004,28684.800000000003,117515.1923547004,1,0.24409439686248927,-0.0010404837225070906,117637.59235470039,-0.0010404837225071234,124062.85303481563
2019-02-04,88830.3923547004,29041.2,117871.59235470039,1,0.24637997519036586,0.003032799358607674,117871.59235470039,0.0,124946.08195542773
2019-02-05,88830.3923547004,29298.600000000002,118128.9923547004,1,0.24802209361124886,0.0021837322704985063,118128.9923547004,0.0,125474.99229742218
2019-02-06,88830.3923547004,29210.4,118040.79235470039,1,0.2474602162295367,-0.0007466414318948456,118128.9923547004,-0.0007466414318948698,125326.0757933655
2019-02-07,88830.3923547004,28818.0,117648.3923547004,1,0.24495022348555395,-0.003324274534017624,118128.9923547004,-0.004068433924814416,124103.93344972783
2019-02-08,88830.3923547004,28875.6,117705.9923547004,1,0.24531971076701856,0.0004895944504397232,118128.9923547004,-0.003580831357046352,124273.3901612406
2019-02-11,88830.3923547004,28848.600000000002,117678.9923547004,1,0.24514655864018975,-0.00022938509297498744,118128.9923547004,-0.0038093950606876087,124340.14583547291
2019-02-12,88830.3923547004,29275.199999999997,118105.59235470039,1,0.2478731058905264,0.003625116016579666,118128.9923547004,-0.00019808854315582958,125890.93149840811
2019-02-13,60385.4573147004,57741.72,118127.1773147004,2,0.48880978376526657,0.0001827598470967029,118128.9923547004,-1.536489869101213e-05,126296.600595666
2019-02-14,89700.8918147004,28372.48,118073.3718147004,1,0.24029533131760333,-0.00045548790060956357,118128.9923547004,-0.00047084580077509116,126070.65831364895
2019-02-15,89700.8918147004,28856.32,118557.2118147004,1,0.2433957374529112,0.004097790996934636,118557.2118147004,0.0,127416.0419020232
2019-02-19,89700.8918147004,28872.96,118573.8518147004,1,0.2435019151197079,0.00014035417791391502,118573.8518147004,0.0,127641.98418404024
2019-02-20,89700.8918147004,28951.04,118651.9318147004,1,0.24399973567403063,0.0006584925664894214,118651.9318147004,0.0,127893.60172537742
2019-02-21,89700.8918147004,28835.84,118536.7318147004,1,0.24326501632487144,-0.0009709070744832182,118651.9318147004,-0.0009709070744832523,127451.98726507135
2019-02-22,89700.8918147004,29025.28,118726.1718147004,1,0.24447246598080033,0.0015981544041230311,118726.1718147004,0.0,128232.51514840298
2019-02-25,89700.8918147004,29104.64,118805.5318147004,1,0.24497714504905518,0.0006684288627099022,118805.5318147004,0.0,128427.64711923589
2019-02-26,89700.8918147004,29066.24,118767.1318147004,1,0.24473302971860036,-0.00032321727291184654,118805.5318147004,-0.0003232172729118894,128314.67597822736
2019-02-27,89700.8918147004,28988.16,118689.0518147004,1,0.2442361747506153,-0.0006574209447258728,118805.5318147004,-0.0009804257278328455,128242.78525213104
2019-02-28,118611.2290947004,0.0,118611.2290947004,0,0.0,-0.0006556857503715596,118805.5318147004,-0.0016354686270253697,127996.30276265788
2019-03-01,118611.2290947004,0.0,118611.2290947004,0,0.0,0.0,118805.5318147004,-0.0016354686270253697,128807.64095717366
2019-03-04,89707.7850947004,28574.0,118281.7850947004,1,0.24157565746173587,-0.002777511054513737,118805.5318147004,-0.004408437149348207,128330.08113381943
2019-03-05,89707.7850947004,28439.999999999996,118147.7850947004,1,0.2407154732287545,-0.0011328878735868964,118805.5318147004,-0.005536330757947159,128186.29968162677
2019-03-06,118002.8699747004,0.0,118002.8699747004,0,0.0,-0.0012265580762589323,118805.5318147004,-0.006756098203002054,127395.50169456711
2019-03-07,118002.8699747004,0.0,118002.8699747004,0,0.0,0.0,118805.5318147004,-0.006756098203002054,126378.76142549039
2019-03-08,118002.8699747004,0.0,118002.8699747004,0,0.0,0.0,118805.5318147004,-0.006756098203002054,126086.06346924102
2019-03-11,118002.8699747004,0.0,118002.8699747004,0,0.0,0.0,118805.5318147004,-0.006756098203002054,127919.27698469754
2019-03-12,60591.17418970041,57504.95,118096.12418970041,2,0.48693342304467613,0.0007902707368050432,118805.5318147004,-0.0059711666129018915,128360.89144500358
2019-03-13,60591.17418970041,57916.020000000004,118507.19418970041,2,0.48871311481133306,0.003480808560149651,118805.5318147004,-0.0025111425406124967,129228.7152100236
2019-03-14,3203.6105747004185,115127.05000000002,118330.66057470044,4,0.9729266230819524,-0.0014896447106611532,118805.5318147004,-0.0039970465410702856,129167.09458765532
2019-03-15,3203.6105747004185,115759.44,118963.05057470042,4,0.9730705411535426,0.005344261554263596,118963.05057470042,0.0,129803.84101879428
2019-03-18,3203.6105747004185,116209.75,119413.36057470042,4,0.9731720926428801,0.0037852929781523326,119413.36057470042,0.0,130301.94104960459
2019-03-19,3203.6105747004185,116159.31000000001,119362.92057470043,4,0.9731607557918666,-0.0004223982957789474,119413.36057470042,-0.0004223982957789254,130343.02146451679
2019-03-20,3203.6105747004185,115749.79000000001,118953.40057470043,4,0.9730683565226148,-0.0034308811985185317,119413.36057470042,-0.003851830295926213,129875.7317448906
2019-03-21,3203.6105747004185,117164.91,120368.52057470042,4,0.9733849800645156,0.011896423247785393,120368.52057470042,0.0,131298.1411112252
2019-03-22,31264.959573600427,86654.7,117919.65957360042,3,0.7348621961201799,-0.020344696349243963,120368.52057470042,-0.02034469634924391,128879.53168326998
2019-03-25,31264.959573600427,86569.13,117834.08957360043,3,0.7346696555577662,-0.0007256635603377637,120368.52057470042,-0.02105559650479486,128720.34507548524
2019-03-26,89635.09418860043,28668.16,118303.25418860043,1,0.24232773812203748,0.003981569482123026,120368.52057470042,-0.017157861343143198,129665.19461846563
2019-03-27,89635.09418860043,28620.8,118255.89418860043,1,0.2420242998996237,-0.00040032711124327047,120368.52057470042,-0.017551319697319854,128977.09766868643
2019-03-28,118361.20362860043,0.0,118361.20362860043,0,0.0,0.0008905217006101029,120368.52057470042,-0.01667642782777459,129511.14306254491
2019-03-29,118361.20362860043,0.0,118361.20362860043,0,0.0,0.0,120368.52057470042,-0.01667642782777459,130312.21115333264
2019-04-01,3434.890708600433,115265.94,118700.83070860044,4,0.9710626228300561,0.0028694121856491783,120368.52057470042,-0.013854867187347563,131832.1865050837
2019-04-02,3434.890708600433,115264.78,118699.67070860043,4,0.9710623400377171,-9.772467413071695e-06,120368.52057470042,-0.013864504258522526,131945.1576460922
2019-04-03,3434.890708600433,115660.76000000001,119095.65070860044,4,0.9711585545889933,0.0033359822957901297,120368.52057470042,-0.010574773703478724,132160.82982438122
2019-04-04,3434.890708600433,116060.03999999998,119494.93070860041,4,0.9712549253074447,0.0033525993403145105,120368.52057470042,-0.007257627342506567,132494.60819554274
2019-04-05,3434.890708600433,116657.48000000001,120092.37070860044,4,0.9713979273759608,0.004999709999890634,120368.52057470042,-0.0022942033746157138,133115.94947108964
2019-04-08,3434.890708600433,116620.01999999999,120054.91070860042,4,0.9713890028460588,-0.00031192655935585734,120368.52057470042,-0.002605414311006457,133244.32576769026
2019-04-09,3434.890708600433,115828.59999999999,119263.49070860042,4,0.971199143273502,-0.006592150169691502,120368.52057470042,-0.00918038919830554,132566.4989216391
2019-04-10,3434.890708600433,116472.64000000001,119907.53070860045,4,0.9713538366747965,0.005400143800701196,120368.52057470042,-0.0038298208194216857,133008.11338194512
2019-04-11,3434.890708600433,116329.76,119764.65070860043,4,0.9713196616173676,-0.0011915848750755353,120368.52057470042,-0.005016842137934512,132982.43812262503
2019-04-12,3434.890708600433,117042.6,120477.49070860044,4,0.9714893571537905,0.005952006671270826,120477.49070860044,0.0,133855.39693950908
2019-04-15,120292.31124860042,0.0,120292.31124860042,0,0.0,-0.0015370461229800014,120477.49070860044,-0.0015370461229800055,133788.64126527676
2019-04-16,120292.31124860042,0.0,120292.31124860042,0,0.0,0.0,120477.49070860044,-0.0015370461229800055,133875.93714696515
2019-04-17,120292.31124860042,0.0,120292.31124860042,0,0.0,0.0,120477.49070860044,-0.0015370461229800055,133552.42887953165
2019-04-18,120292.31124860042,0.0,120292.31124860042,0,0.0,0.0,120477.49070860044,-0.0015370461229800055,133793.7763171408
2019-04-22,120292.31124860042,0.0,120292.31124860042,0,0.0,0.0,120477.49070860044,-0.0015370461229800055,133937.55776933345
2019-04-23,120292.31124860042,0.0,120292.31124860042,0,0.0,0.0,120477.49070860044,-0.0015370461229800055,135128.88980178698
2019-04-24,91046.71126360043,29303.05,120349.76126360043,1,0.24348241070306678,0.00047758675848608156,120477.49070860044,-0.0010601934373695116,134815.65163808153
2019-04-25,91046.71126360043,29069.6,120116.31126360042,1,0.2420120938962695,-0.0019397628840217562,120477.49070860044,-0.002997899797511577,134779.7062750334
2019-04-26,91046.71126360043,29355.83,120402.54126360043,1,0.24381403990245118,0.0023829403100121826,120477.49070860044,-0.0006221033037722065,135370.2372393961
2019-04-29,91046.71126360043,29495.9,120542.61126360044,1,0.24469272476185946,0.00116334753843228,120542.61126360044,0.0,135539.69395090887
2019-04-30,91046.71126360043,29335.53,120382.24126360043,1,0.24368652462421037,-0.0013304009123322746,120542.61126360044,-0.0013304009123322842,135580.77436582107
2019-05-01,91046.71126360043,29069.6,120116.31126360042,1,0.2420120938962695,-0.002209046759793276,120542.61126360044,-0.003536508754300935,134635.9248228407
2019-05-02,91046.71126360043,29201.55,120248.26126360043,1,0.24284384400358403,0.0010985185826297705,120542.61126360044,-0.0024418750922553557,134317.55160727122
2019-05-03,91046.71126360043,29765.89,120812.60126360043,1,0.24638067294862684,0.004693123992561388,120812.60126360043,0.0,135632.12488446131
2019-05-06,32653.63000360044,88968.39000000001,121622.02000360045,3,0.7315154771920925,0.006699787369315535,121622.02000360045,0.0,135103.21454246689
2019-05-07,32653.63000360044,87323.95999999999,119977.59000360043,3,0.7278355899412504,-0.013520824600276704,121622.02000360045,-0.01352082460027667,132900.27729280063
2019-05-08,61719.854113600435,58001.92,119721.77411360043,2,0.48447260683728005,-0.0021321972711096926,121622.02000360045,-0.015624192806070528,132751.36078874394
2019-05-09,118885.14607880043,0.0,118885.14607880043,0,0.0,-0.006988102548548536,121622.02000360045,-0.022503111893051923,132263.53086166168
2019-05-10,118885.14607880043,0.0,118885.14607880043,0,0.0,0.0,121622.02000360045,-0.022503111893051923,132890.0071890726
2019-05-13,118885.14607880043,0.0,118885.14607880043,0,0.0,0.0,121622.02000360045,-0.022503111893051923,129639.51935914552
2019-05-14,118885.14607880043,0.0,118885.14607880043,0,0.0,0.0,121622.02000360045,-0.022503111893051923,130743.55550991064
2019-05-15,118885.14607880043,0.0,118885.14607880043,0,0.0,0.0,121622.02000360045,-0.022503111893051923,131560.0287562904
2019-05-16,118885.14607880043,0.0,118885.14607880043,0,0.0,0.0,121622.02000360045,-0.022503111893051923,132725.68552942385
2019-05-17,89920.63634380043,29030.83,118951.46634380044,1,0.2440560918861934,0.0005578515667217232,121622.02000360045,-0.021957813722555834,131924.61743863614
2019-05-20,89920.63634380043,28829.69,118750.32634380044,1,0.24277566965612893,-0.0016909417444140873,121622.02000360045,-0.02361162608313038,131010.57820683987
2019-05-21,89920.63634380043,29085.07,119005.70634380044,1,0.24440063332740494,0.0021505625109663473,121622.02000360045,-0.021511841850041305,132171.09992810927
2019-05-22,60982.65490380044,57886.380000000005,118869.03490380044,2,0.4869761081752442,-0.001148444425052797,121622.02000360045,-0.022635581120248785,131775.70093457942
2019-05-23,60982.65490380044,57231.14,118213.79490380044,2,0.4841324994817511,-0.005512285016280871,121622.02000360045,-0.02802309236188573,130194.10496046008
2019-05-24,60982.65490380044,57443.66,118426.31490380043,2,0.485058241039269,0.0017977597299276837,121622.02000360045,-0.02627571141891423,130543.28848721371
2019-05-28,60982.65490380044,56884.009999999995,117866.66490380044,2,0.48261321423175224,-0.004725723336528764,121622.02000360045,-0.03087726301280674,129326.28119544005
2019-05-29,117538.62716880045,0.0,117538.62716880045,0,0.0,-0.0027831256213767253,121622.02000360045,-0.03357445333237453,128381.43165245967
2019-05-30,117538.62716880045,0.0,117538.62716880045,0,0.0,0.0,121622.02000360045,-0.03357445333237453,128715.21002362123
2019-05-31,117538.62716880045,0.0,117538.62716880045,0,0.0,0.0,121622.02000360045,-0.03357445333237453,127046.31816781347
2019-06-03,117538.62716880045,0.0,117538.62716880045,0,0.0,0.0,121622.02000360045,-0.03357445333237453,126697.13464105985
2019-06-04,117538.62716880045,0.0,117538.62716880045,0,0.0,0.0,121622.02000360045,-0.03357445333237453,129408.44202526443
2019-06-05,60240.473248800445,57205.600000000006,117446.07324880044,2,0.48707971597155364,-0.0007874340736265806,121622.02000360045,-0.03433544973744382,130507.34312416555
2019-06-06,31718.299568800445,86021.92,117740.21956880044,3,0.7306077762980038,0.0025045223894106794,121622.02000360045,-0.03191692125065095,131390.57204477763
2019-06-07,3111.243608800447,115774.32,118885.56360880045,4,0.9738299292667849,0.009727721285000213,121622.02000360045,-0.022499678879852436,132679.47006264763
2019-06-10,3111.243608800447,116512.0,119623.24360880045,4,0.9739913120983825,0.006204958597221921,121622.02000360045,-0.016434329858530845,133305.94639005853
2019-06-11,3111.243608800447,116452.79999999999,119564.04360880044,4,0.9739784343612526,-0.0004948870989789356,121622.02000360045,-0.016921083819682443,133295.67628633048
2019-06-12,3111.243608800447,116192.4,119303.64360880044,4,0.9739216379761017,-0.002177912289851869,121622.02000360045,-0.019062143473125837,133013.24843380915
2019-06-13,3111.243608800447,116926.72,120037.96360880045,4,0.9740811696961148,0.0061550509086534255,121622.02000360045,-0.013024421027977594,133603.7793981719
2019-06-14,3111.243608800447,116516.56,119627.80360880044,4,0.9739923035035012,-0.0034169190118611414,121622.02000360045,-0.016396836648009734,133444.59279038716
2019-06-17,3111.243608800447,116944.64000000001,120055.88360880046,4,0.9740850384397789,0.003578432329994996,121622.02000360045,-0.012877079288385683,133552.42887953165
2019-06-18,3111.243608800447,118384.4,121495.64360880044,4,0.9743921385459858,0.011992415171349746,121622.02000360045,-0.0010390913980566278,134867.00215672175
2019-06-19,62321.54280880045,59456.32,121777.86280880045,2,0.4882358634701159,0.002322875056398832,121777.86280880045,0.0,135185.37537229125
2019-06-20,92080.17576880044,30250.08,122330.25576880045,1,0.24728207923615814,0.004536070409342674,122330.25576880045,0.0,136510.21875320937
2019-06-21,122268.95340880044,0.0,122268.95340880044,0,0.0,-0.0005011218166326437,122330.25576880045,-0.0005011218166326787,136304.81667864844
2019-06-24,122268.95340880044,0.0,122268.95340880044,0,0.0,0.0,122330.25576880045,-0.0005011218166326787,136145.6300708637
2019-06-25,122268.95340880044,0.0,122268.95340880044,0,0.0,0.0,122330.25576880045,-0.0005011218166326787,134810.5165862175
2019-06-26,122268.95340880044,0.0,122268.95340880044,0,0.0,0.0,122330.25576880045,-0.0005011218166326787,134682.1402896169
2019-06-27,92497.18037880045,29761.07,122258.25037880044,1,0.2434279069738803,-8.753677611206268e-05,122330.25576880045,-0.0005886147261564889,135154.5650611071
2019-06-28,33102.65376380045,89512.86,122615.51376380045,3,0.7300288295690909,0.002922202664385365,122615.51376380045,0.0,135883.7424257985
2019-07-01,33102.65376380045,90280.59,123383.24376380045,3,0.7317086765268488,0.0062612794778882375,123383.24376380045,0.0,137033.99404333983
2019-07-02,33102.65376380045,90306.73000000001,123409.38376380046,3,0.731765504743486,0.00021186021053276605,123409.38376380046,0.0,137434.52808873367
2019-07-03,33102.65376380045,90989.29999999999,124091.95376380044,3,0.7332409333581061,0.005530940834340248,124091.95376380044,0.0,138528.29413577076
2019-07-05,33102.65376380045,90951.82,124054.47376380046,3,0.7331603386845374,-0.00030203408732942805,124091.95376380044,-0.000302034087329479,138281.81164629763
2019-07-08,33102.65376380045,90307.19,123409.84376380045,3,0.7317665045654131,-0.005196346253722228,124091.95376380044,-0.005496810867353498,137629.66005956658
2019-07-09,33102.65376380045,90534.1,123636.75376380046,3,0.7322587923406595,0.0018386701828607688,124091.95376380044,-0.0036682475067353762,137799.1167710794
2019-07-10,33102.65376380045,91032.9,124135.55376380045,3,0.7333346268645429,0.0040343990343916225,124135.55376380045,0.0,138440.99825408237
2019-07-11,33102.65376380045,90929.28,124031.93376380045,3,0.7331118466084765,-0.0008347326519939635,124135.55376380045,-0.0008347326519939552,138769.6415733799
2019-07-12,63969.687108800455,60597.490000000005,124567.17710880046,2,0.4864643432280115,0.004315367250657287,124567.17710880046,0.0,139385.84779706274
2019-07-15,124398.23191380047,0.0,124398.23191380047,0,0.0,-0.0013562577150836308,124567.17710880046,-0.001356257715083577,139473.14367875113
2019-07-16,124398.23191380047,0.0,124398.23191380047,0,0.0,0.0,124567.17710880046,-0.001356257715083577,138980.17869980485
2019-07-17,124398.23191380047,0.0,124398.23191380047,0,0.0,0.0,124567.17710880046,-0.001356257715083577,138055.86936428057
2019-07-18,124398.23191380047,0.0,124398.23191380047,0,0.0,0.0,124567.17710880046,-0.001356257715083577,138559.10444695488
2019-07-19,94042.82207380046,30058.559999999998,124101.38207380046,1,0.24220971191219134,-0.0023862866492001533,124567.17710880046,-0.0037393079446053786,137814.52192667144
2019-07-22,94042.82207380046,30114.559999999998,124157.38207380046,1,0.2425515059756945,0.000451243967345194,124567.17710880046,-0.0032897513174122615,138071.27451987262
2019-07-23,63691.754533800464,60700.84,124392.59453380047,2,0.4879779236657542,0.0018944701963850008,124567.17710880046,-0.001401513456851541,139072.60963335726
2019-07-24,63691.754533800464,61058.520000000004,124750.27453380046,2,0.4894459769982831,0.002875412329331306,124750.27453380046,0.0,139735.03132381637
2019-07-25,33416.67508380047,90529.4,123946.07508380046,3,0.7303934387498167,-0.006446474390580215,124750.27453380046,-0.0064464743905802485,139072.60963335726
2019-07-26,33416.67508380047,91394.28,124810.95508380047,3,0.7322616827876698,0.006977873235721743,124810.95508380047,0.0,139991.78391701754
2019-07-29,33416.67508380047,91042.78,124459.45508380047,3,0.7315055327753082,-0.002816259195869475,124810.95508380047,-0.0028162591958694346,139776.11173872853
2019-07-30,33416.67508380047,91162.78,124579.45508380047,3,0.7317641575705868,0.0009641694150051006,124810.95508380047,-0.00185480513184573,139452.60347129503
2019-07-31,63129.36929460047,60212.32,123341.68929460047,2,0.48817492564240333,-0.00993555308431393,124810.95508380047,-0.01177192970131112,137881.27760090376
2019-08-01,122484.67439040047,0.0,122484.67439040047,0,0.0,-0.006948298739066439,124810.95508380047,-0.018638433556077565,136766.97134641057
2019-08-02,122484.67439040047,0.0,122484.67439040047,0,0.0,0.0,124810.95508380047,-0.018638433556077565,135662.93519564546
2019-08-05,122484.67439040047,0.0,122484.67439040047,0,0.0,0.0,124810.95508380047,-0.018638433556077565,131688.405052891
2019-08-06,122484.67439040047,0.0,122484.67439040047,0,0.0,0.0,124810.95508380047,-0.018638433556077565,133393.24227174692
2019-08-07,122484.67439040047,0.0,122484.67439040047,0,0.0,0.0,124810.95508380047,-0.018638433556077565,133593.50929444388
2019-08-08,122484.67439040047,0.0,122484.67439040047,0,0.0,0.0,124810.95508380047,-0.018638433556077565,136114.81975967955
2019-08-09,122484.67439040047,0.0,122484.67439040047,0,0.0,0.0,124810.95508380047,-0.018638433556077565,135190.51042415525
2019-08-12,122484.67439040047,0.0,122484.67439040047,0,0.0,0.0,124810.95508380047,-0.018638433556077565,133490.8082571634
2019-08-13,122484.67439040047,0.0,122484.67439040047,0,0.0,0.0,124810.95508380047,-0.018638433556077565,135570.50426209302
2019-08-14,33199.31005040047,87963.33,121162.64005040047,3,0.7259938374024334,-0.010793467399735412,124810.95508380047,-0.02923072763084335,131678.13494916298
2019-08-15,91566.38496600046,29296.86,120863.24496600046,1,0.2423967684157527,-0.0024710181643076146,124810.95508380047,-0.031629516136219234,131965.6978535483
2019-08-16,91566.38496600046,29725.5,121291.88496600046,1,0.24507410374842806,0.0035464876035768977,124810.95508380047,-0.02819520221952657,133896.47735442125
2019-08-19,62084.952026000465,59615.08,121700.03202600047,2,0.4898526237631852,0.003364998904208827,124810.95508380047,-0.02492508013989049,135524.28879531682
2019-08-20,3061.5809460004675,117823.46999999999,120885.05094600045,4,0.9746736182675881,-0.006696638172008829,124810.95508380047,-0.031454804068794154,134456.19800759986
2019-08-21,3061.5809460004675,118845.29000000001,121906.87094600048,4,0.9748859032945189,0.00845282350467369,124810.95508380047,-0.023267862471288134,135565.36921022902
2019-08-22,3061.5809460004675,118735.7,121797.28094600046,4,0.9748633062887682,-0.000898964916001832,124810.95508380047,-0.024145910395257868,135529.42384718085
2019-08-23,89704.58070640048,29320.8,119025.38070640048,1,0.24634073695866196,-0.022758309693538425,124810.95508380047,-0.04635469998218859,132073.5339426928
2019-08-26,89704.58070640048,29636.58,119341.16070640048,1,0.24833494013780394,0.002653047594772584,124810.95508380047,-0.04382463361271022,133495.9433090274
2019-08-27,89704.58070640048,29507.76,119212.34070640047,1,0.24752269626743212,-0.0010794264044148294,124810.95508380047,-0.04485675455043972,132915.6824483927
2019-08-28,119418.06624640047,0.0,119418.06624640047,0,0.0,0.0017257067412732585,124810.95508380047,-0.043208457412885794,133911.88251001333
2019-08-29,90437.95874640049,29057.5,119495.45874640049,1,0.24316823672493987,0.0006480803318347217,124810.95508380047,-0.04258837963246938,135642.39498818936
2019-08-30,3377.9266864004894,115487.72,118865.64668640049,4,0.9715819769583017,-0.00527059410129227,124810.95508380047,-0.04763450767128719,135585.90941768512
2019-09-03,60246.85806590049,57410.0,117656.85806590048,2,0.48794435737731695,-0.010169368982521299,124810.95508380047,-0.05731946376899838,134795.11143062543
2019-09-04,60246.85806590049,58003.44,118250.29806590048,2,0.4905141124268024,0.005043819882285305,124810.95508380047,-0.052564752937713136,136289.4115230564
2019-09-05,2758.424130900501,116578.56000000001,119336.98413090051,4,0.9768854211375512,0.009189711000934908,124810.95508380047,-0.04385809682511141,138040.4642086885
2019-09-06,2758.424130900501,116532.9,119291.3241309005,4,0.9768765737911197,-0.00038261399290884235,124810.95508380047,-0.044223930096472575,138179.1106090171
2019-09-09,2758.424130900501,116930.18000000001,119688.60413090051,4,0.9769533269192138,0.003330334396859147,124810.95508380047,-0.04104087617517799,138251.00133511348
2019-09-10,2758.424130900501,117253.36,120011.7841309005,4,0.9770153893563335,0.0027001735240101965,124810.95508380047,-0.0384515201384182,138199.65081647324
2019-09-11,2758.424130900501,118612.25,121370.6741309005,4,0.9772727295893118,0.011322971405189897,124810.95508380047,-0.027563934196241778,139226.661189278
2019-09-12,2758.424130900501,118914.98,121673.4041309005,4,0.9773292762653958,0.0024942598545139028,124810.95508380047,-0.02513842595622601,139714.49111636024
2019-09-13,32769.0360059005,88821.12,121590.1560059005,3,0.7304959786028213,-0.0006841932762104985,124810.95508380047,-0.02580541969042269,139545.03440484748
2019-09-16,62297.07932590051,59196.21000000001,121493.28932590052,2,0.4872385160402458,-0.0007966654800185546,124810.95508380047,-0.02658152688337654,139180.44572250178
2019-09-17,62297.07932590051,59251.65,121548.72932590051,2,0.48747239340637205,0.00045632149979302206,124810.95508380047,-0.026137335105797688,139524.49419739138
2019-09-18,62297.07932590051,59048.82000000001,121345.89932590051,2,0.4866157021211875,-0.0016687134544711713,124810.95508380047,-0.027762432837513767,139596.38492348773
2019-09-19,121217.26857590051,0.0,121217.26857590051,0,0.0,-0.001060033760634349,124810.95508380047,-0.02879303748206305,139580.97976789562
2019-09-20,121217.26857590051,0.0,121217.26857590051,0,0.0,0.0,124810.95508380047,-0.02879303748206305,138831.26219574816
2019-09-23,121217.26857590051,0.0,121217.26857590051,0,0.0,0.0,124810.95508380047,-0.02879303748206305,138933.96323302863
2019-09-24,121217.26857590051,0.0,121217.26857590051,0,0.0,0.0,124810.95508380047,-0.02879303748206305,137824.7920303995
2019-09-25,121217.26857590051,0.0,121217.26857590051,0,0.0,0.0,124810.95508380047,-0.02879303748206305,138615.59001745915
2019-09-26,121217.26857590051,0.0,121217.26857590051,0,0.0,0.0,124810.95508380047,-0.02879303748206305,138328.02711307383
2019-09-27,121217.26857590051,0.0,121217.26857590051,0,0.0,0.0,124810.95508380047,-0.02879303748206305,137588.57964465438
2019-09-30,121217.26857590051,0.0,121217.26857590051,0,0.0,0.0,124810.95508380047,-0.02879303748206305,138230.46112765739
2019-10-01,121217.26857590051,0.0,121217.26857590051,0,0.0,0.0,124810.95508380047,-0.02879303748206305,136612.9197904899
2019-10-02,121217.26857590051,0.0,121217.26857590051,0,0.0,0.0,124810.95508380047,-0.02879303748206305,134209.71551812673
2019-10-03,121217.26857590051,0.0,121217.26857590051,0,0.0,0.0,124810.95508380047,-0.02879303748206305,135277.80630584367
2019-10-04,121217.26857590051,0.0,121217.26857590051,0,0.0,0.0,124810.95508380047,-0.02879303748206305,137069.939406388
2019-10-07,91645.59053590051,29557.719999999998,121203.31053590051,1,0.2438689163630145,-0.00011514894011377397,124810.95508380047,-0.028904870934428076,136510.21875320937
2019-10-08,91645.59053590051,29114.920000000002,120760.51053590051,1,0.2410963639586843,-0.0036533655561235,124810.95508380047,-0.03245263643067557,134445.9279038718
2019-10-09,91645.59053590051,29400.280000000002,121045.87053590051,1,0.24288544392169323,0.002363024127122859,124810.95508380047,-0.030166298666427196,135591.04446954915
2019-10-10,91645.59053590051,29626.600000000002,121272.19053590052,1,0.24429838258120326,0.0018697044269089247,124810.95508380047,-0.02835299630167843,136602.6496867618
2019-10-11,32724.81545590052,88930.16,121654.97545590052,3,0.7310030655691255,0.0031564113611577405,124810.95508380047,-0.02528607866017015,137978.8435863202
2019-10-14,3196.2490859005193,118346.3,121542.54908590052,4,0.973702632453088,-0.000924141158869074,124810.95508380047,-0.02618685191300293,137876.14254903974
2019-10-15,3196.2490859005193,119605.76,122802.00908590051,4,0.9739723388103143,0.010362297067752602,124810.95508380047,-0.016095910784042204,139206.12098182188
2019-10-16,3196.2490859005193,119510.02000000002,122706.26908590054,4,0.9739520310599372,-0.0007796289385868516,124810.95508380047,-0.016862990884788927,139010.989010989
2019-10-17,3196.2490859005193,120048.37999999999,123244.62908590051,4,0.974065814392019,0.004387387898030726,124810.95508380047,-0.012549587468890809,139360.17253774262
2019-10-18,3196.2490859005193,119237.54,122433.78908590051,4,0.9738940605386475,-0.006579110229905871,124810.95508380047,-0.019046132579498953,138836.39724761219
2019-10-21,33546.485965900516,89658.16,123204.64596590052,3,0.7277173624184171,0.006296112255899988,124810.95508380047,-0.01286993691236029,139740.1663756804
2019-10-22,33546.485965900516,89532.76000000001,123079.24596590053,3,0.7274399456818685,-0.0010178187601358468,124810.95508380047,-0.013874656409265013,139257.47150046212
2019-10-23,33546.485965900516,89705.94,123252.42596590052,3,0.7278229154273879,0.0014070609438732173,124810.95508380047,-0.01248711795253486,139647.73544212795
2019-10-24,33546.485965900516,89698.44,123244.92596590052,3,0.7278063522454289,-6.085072923489587e-05,124810.95508380047,-0.012547208831536342,139919.89319092123
2019-10-25,93137.84479590051,30509.98,123647.82479590051,1,0.24674902328739992,0.0032690906083343574,124810.95508380047,-0.00931913618575395,140469.34374037175
2019-10-28,123894.58819590052,0.0,123894.58819590052,0,0.0,0.001995695439101608,124810.95508380047,-0.007342038904234639,141280.6819348875
2019-10-29,123894.58819590052,0.0,123894.58819590052,0,0.0,0.0,124810.95508380047,-0.007342038904234639,141188.2510013351
2019-10-30,123894.58819590052,0.0,123894.58819590052,0,0.0,0.0,124810.95508380047,-0.007342038904234639,141686.3510321454
2019-10-31,123894.58819590052,0.0,123894.58819590052,0,0.0,0.0,124810.95508380047,-0.007342038904234639,141275.54688302352
2019-11-01,123894.58819590052,0.0,123894.58819590052,0,0.0,0.0,124810.95508380047,-0.007342038904234639,142600.39026394163
2019-11-04,123894.58819590052,0.0,123894.58819590052,0,0.0,0.0,124810.95508380047,-0.007342038904234639,143160.11091712027
2019-11-05,123894.58819590052,0.0,123894.58819590052,0,0.0,0.0,124810.95508380047,-0.007342038904234639,143006.05936119953
2019-11-06,123894.58819590052,0.0,123894.58819590052,0,0.0,0.0,124810.95508380047,-0.007342038904234639,143021.4645167916
2019-11-07,123894.58819590052,0.0,123894.58819590052,0,0.0,0.0,124810.95508380047,-0.007342038904234639,143550.37485878606
2019-11-08,123894.58819590052,0.0,123894.58819590052,0,0.0,0.0,124810.95508380047,-0.007342038904234639,143884.1532299476
2019-11-11,123894.58819590052,0.0,123894.58819590052,0,0.0,0.0,124810.95508380047,-0.007342038904234639,143622.26558488238
2019-11-12,123894.58819590052,0.0,123894.58819590052,0,0.0,0.0,124810.95508380047,-0.007342038904234639,143899.55838553968
2019-11-13,123894.58819590052,0.0,123894.58819590052,0,0.0,0.0,124810.95508380047,-0.007342038904234639,143986.85426722807
2019-11-14,123894.58819590052,0.0,123894.58819590052,0,0.0,0.0,124810.95508380047,-0.007342038904234639,144171.71613433294
2019-11-15,123894.58819590052,0.0,123894.58819590052,0,0.0,0.0,124810.95508380047,-0.007342038904234639,145224.40176645783
2019-11-18,93798.39813590053,30038.92,123837.31813590052,1,0.24256759151578958,-0.000462248277619981,124810.95508380047,-0.007800893337016946,145306.56259628222
2019-11-19,93798.39813590053,30152.22,123950.61813590053,1,0.2432599405590769,0.0009149099940590766,124810.95508380047,-0.006893120458234542,145275.75228509807
2019-11-20,93798.39813590053,30049.22,123847.61813590053,1,0.242630584683723,-0.0008309760899060104,124810.95508380047,-0.007718368529854889,144762.2470986957
2019-11-21,93798.39813590053,29890.6,123688.99813590053,1,0.24165932662142164,-0.0012807674655958001,124810.95508380047,-0.008989250560150184,144526.03471295058
2019-11-22,93798.39813590053,29985.36,123783.75813590053,1,0.24223985805213213,0.0007661150258155836,124810.95508380047,-0.008230022334259507,144859.81308411213
2019-11-25,63566.94026590052,60958.42,124525.36026590053,2,0.4895261484876232,0.005991110151832624,124810.95508380047,-0.0022882191527833834,145933.03892369312
2019-11-26,33424.08675590053,91197.04000000001,124621.12675590054,3,0.7317943784815124,0.0007690521014798168,124810.95508380047,-0.001520926811051765,146241.14203553455
2019-11-27,33424.08675590053,91686.16,125110.24675590053,3,0.7328429315536926,0.0039248561839602125,125110.24675590053,0.0,146908.69877785761
2019-11-29,33424.08675590053,91255.78,124679.86675590053,3,0.731920737280394,-0.00344000600398231,125110.24675590053,-0.0034400060039822982,146400.32864331928
2019-12-02,33424.08675590053,90368.31999999999,123792.40675590052,3,0.7299988938593975,-0.007117909435510383,125110.24675590053,-0.01053342978829876,145157.6460922255
2019-12-03,122774.28290350053,0.0,122774.28290350053,0,0.0,-0.008224445093854338,125110.24675590053,-0.018671243267209314,144156.3109787409
2019-12-04,122774.28290350053,0.0,122774.28290350053,0,0.0,0.0,125110.24675590053,-0.018671243267209314,145080.62031426514
2019-12-05,92899.79862850052,29762.07,122661.86862850052,1,0.242635061187098,-0.0009156174431770303,125110.24675590053,-0.019569764994365135,145357.91311492244
2019-12-06,92899.79862850052,30109.800000000003,123009.59862850052,1,0.24477602021070052,0.0028348663189956547,125110.24675590053,-0.01679037634302275,146631.40597720037
2019-12-09,3609.136548500537,119081.55,122690.68654850054,4,0.9705834513602316,-0.0025925788195043653,125110.24675590053,-0.019339424788448654,146194.92656875832
2019-12-10,3609.136548500537,119020.22,122629.35654850054,4,0.9705687394105089,-0.0004998749434478311,125110.24675590053,-0.019829632438024002,146051.14511656566
2019-12-11,3609.136548500537,119257.45999999999,122866.59654850053,4,0.9706255674863113,0.0019346101673962668,125110.24675590053,-0.017933384879158073,146400.32864331928
2019-12-12,3609.136548500537,120244.76,123853.89654850053,4,0.9708597254581554,0.008035544466394207,125110.24675590053,-0.010041944924393222,147678.9565574612
2019-12-13,3609.136548500537,120254.53,123863.66654850054,4,0.9708620239569016,7.888326707727877e-05,125110.24675590053,-0.009963853798739333,147781.6575947417
2019-12-16,3609.136548500537,121089.08,124698.21654850054,4,0.9710570315406493,0.006737649734219975,125110.24675590053,-0.0032933370214183475,148803.53291568242
2019-12-17,3609.136548500537,121289.70999999999,124898.84654850053,4,0.9711035237855536,0.001608924374006282,125110.24675590053,-0.00168971137761769,148829.20817500254
2019-12-18,3609.136548500537,121367.03,124976.16654850054,4,0.9711214013985626,0.0006190609612233278,125110.24675590053,-0.0010716964507439216,148834.34322686656
2019-12-19,34337.71906850053,91183.59999999999,125521.31906850052,3,0.7264391473629952,0.004362051862011773,125521.31906850052,0.0,149445.4143986854
2019-12-20,34337.71906850053,91545.59999999999,125883.31906850052,3,0.7272258205249946,0.0028839722422169256,125883.31906850052,0.0,150174.59176337678
2019-12-23,126050.75866850054,0.0,126050.75866850054,0,0.0,0.0013301174551085815,126050.75866850054,0.0,150369.7237342097
2019-12-24,126050.75866850054,0.0,126050.75866850054,0,0.0,0.0,126050.75866850054,0.0,150354.31857861765
2019-12-26,126050.75866850054,0.0,126050.75866850054,0,0.0,0.0,126050.75866850054,0.0,151150.25161754133
2019-12-27,126050.75866850054,0.0,126050.75866850054,0,0.0,0.0,126050.75866850054,0.0,151109.1712026291
2019-12-30,126050.75866850054,0.0,126050.75866850054,0,0.0,0.0,126050.75866850054,0.0,150302.96805997737
2019-12-31,126050.75866850054,0.0,126050.75866850054,0,0.0,0.0,126050.75866850054,0.0,150641.88148300297
2020-01-02,126050.75866850054,0.0,126050.75866850054,0,0.0,0.0,126050.75866850054,0.0,152054.0207456095
2020-01-03,126050.75866850054,0.0,126050.75866850054,0,0.0,0.0,126050.75866850054,0.0,150914.03923179623
2020-01-06,126050.75866850054,0.0,126050.75866850054,0,0.0,0.0,126050.75866850054,0.0,151519.97535175103
2020-01-07,126050.75866850054,0.0,126050.75866850054,0,0.0,0.0,126050.75866850054,0.0,151057.8206839889
2020-01-08,126050.75866850054,0.0,126050.75866850054,0,0.0,0.0,126050.75866850054,0.0,151843.48361918452
2020-01-09,95492.35239850053,30606.8,126099.15239850053,1,0.2427201088812707,0.0003839225603334828,126099.15239850053,0.0,152860.22388826124
2020-01-10,95492.35239850053,30464.0,125956.35239850053,1,0.24186156092880523,-0.0011324421876264257,126099.15239850053,-0.0011324421876264805,152413.47437609118
2020-01-13,95492.35239850053,30550.870000000003,126043.22239850054,1,0.24238407602282508,0.0006896833573362127,126099.15239850053,-0.00044353985682030715,153481.56516380812
2020-01-14,64827.54315850054,61484.9,126312.44315850054,2,0.48676835363596727,0.0021359399964309134,126312.44315850054,0.0,153245.35277806304
2020-01-15,64827.54315850054,61747.8,126575.34315850055,2,0.48783434797943226,0.002081346805002493,126575.34315850055,0.0,153594.53630481666
2020-01-16,64827.54315850054,62422.31,127249.85315850054,2,0.49054917118252145,0.0053289209665057236,127249.85315850054,0.0,154857.7590633665
2020-01-17,64827.54315850054,62391.89,127219.43315850054,2,0.4904273541469643,-0.00023905725032236091,127249.85315850054,-0.00023905725032238387,155396.93950908902
2020-01-21,64827.54315850054,61983.85,126811.39315850055,2,0.48878770634218077,-0.0032073716245192285,127249.85315850054,-0.0034456621294002795,155058.02608606344
2020-01-22,64827.54315850054,61956.979999999996,126784.52315850054,2,0.48867936287889063,-0.00021188947878225672,127249.85315850054,-0.0036568215086299045,155088.8363972476
2020-01-23,64827.54315850054,61926.40999999999,126753.95315850053,2,0.4885560446589275,-0.00024111775821245018,127249.85315850054,-0.0038970575422379704,155299.37352367258
2020-01-24,95458.88452850055,30682.65,126141.53452850055,1,0.24323986635082145,-0.004831554478101241,127249.85315850054,-0.008709783174519573,153871.82910547394
2020-01-27,95458.88452850055,30346.98,125805.86452850055,1,0.24122071028831155,-0.0026610584789117375,127249.85315850054,-0.011347664411065226,151417.27431447056
2020-01-28,95458.88452850055,30600.24,126059.12452850056,1,0.2427451413331181,0.002013101701969111,127249.85315850054,-0.009357406711635487,152993.7352367259
2020-01-29,125868.03684350055,0.0,125868.03684350055,0,0.0,-0.001515857624069139,127249.85315850054,-0.010859079839399257,152870.4939919893
2020-01-30,125868.03684350055,0.0,125868.03684350055,0,0.0,0.0,127249.85315850054,-0.010859079839399257,153342.9187634795
2020-01-31,125222.89014130055,0.0,125222.89014130055,0,0.0,-0.005125580078778502,127249.85315850054,-0.01592900083487903,150595.66601622675
2020-02-03,125222.89014130055,0.0,125222.89014130055,0,0.0,0.0,127249.85315850054,-0.01592900083487903,151704.8372188559
2020-02-04,94712.86810630056,30776.07,125488.93810630057,1,0.2452492663052887,0.0021245953092108305,127249.85315850054,-0.01383824820612248,154015.61055766663
2020-02-05,3453.6023163005593,122504.01,125957.61231630055,4,0.9725812338548623,0.0037347850501610047,127249.85315850054,-0.010155146038482183,155782.0683988908
2020-02-06,3453.6023163005593,122901.54,126355.14231630055,4,0.9726674969218485,0.0031560617313206585,127249.85315850054,-0.007031134574949558,156295.5735852932
2020-02-07,3453.6023163005593,121971.51,125425.11231630055,4,0.9724648258030564,-0.007360444402586208,127249.85315850054,-0.014339826702409754,155504.7755982335
2020-02-10,3453.6023163005593,122936.62,126390.22231630055,4,0.9726750831432381,0.007694711068435556,127249.85315850054,-0.006755456457220757,156675.56742323097
2020-02-11,3453.6023163005593,123191.04,126644.64231630055,4,0.9727299769407138,0.0020129721693447067,127249.85315850054,-0.0047560828337156955,156922.0499127041
2020-02-12,3453.6023163005593,124194.37,127647.97231630055,4,0.9729443229404159,0.007922403835245895,127647.97231630055,0.0,157938.79018178082
2020-02-13,3453.6023163005593,124119.22,127572.82231630056,4,0.9729283851090337,-0.0005887285057202263,127647.97231630055,-0.0005887285057202399,157810.41388518023
2020-02-14,3453.6023163005593,124099.59,127553.19231630056,4,0.9729242188801008,-0.00015387289897317302,127647.97231630055,-0.0007425108153315765,158010.68090787713
2020-02-18,3453.6023163005593,123802.13,127255.73231630056,4,0.9728609293000927,-0.0023320466904690473,127647.97231630055,-0.003072825935911102,157605.01181061927
2020-02-19,35498.856321300555,92462.14,127960.99632130055,3,0.7225806508088952,0.005542100085888624,127960.99632130055,0.0,158349.59433090274
2020-02-20,127737.63282130056,0.0,127737.63282130056,0,0.0,-0.0017455592439992174,127960.99632130055,-0.0017455592439991874,157728.25305535586
2020-02-21,127737.63282130056,0.0,127737.63282130056,0,0.0,0.0,127960.99632130055,-0.0017455592439991874,156069.63130327614
2020-02-24,127737.63282130056,0.0,127737.63282130056,0,0.0,0.0,127960.99632130055,-0.0017455592439991874,150908.9041799322
2020-02-25,127737.63282130056,0.0,127737.63282130056,0,0.0,0.0,127960.99632130055,-0.0017455592439991874,146307.89770976687
2020-02-26,127737.63282130056,0.0,127737.63282130056,0,0.0,0.0,127960.99632130055,-0.0017455592439991874,145845.7430420047
2020-02-27,127737.63282130056,0.0,127737.63282130056,0,0.0,0.0,127960.99632130055,-0.0017455592439991874,139334.4972784225
2020-02-28,127737.63282130056,0.0,127737.63282130056,0,0.0,0.0,127960.99632130055,-0.0017455592439991874,138651.53538050732
2020-03-02,127737.63282130056,0.0,127737.63282130056,0,0.0,0.0,127960.99632130055,-0.0017455592439991874,144577.38523159083
2020-03-03,127737.63282130056,0.0,127737.63282130056,0,0.0,0.0,127960.99632130055,-0.0017455592439991874,140561.7746739242
2020-03-04,127737.63282130056,0.0,127737.63282130056,0,0.0,0.0,127960.99632130055,-0.0017455592439991874,146523.56988805585
2020-03-05,96701.20274130057,30860.56,127561.76274130057,1,0.2419264153834737,-0.001376807101522104,127960.99632130055,-0.0031199630471580547,141588.78504672897
2020-03-06,126536.79710130056,0.0,126536.79710130056,0,0.0,-0.008035053906229495,127960.99632130055,-0.011129947882118208,139211.25603368593
2020-03-09,126536.79710130056,0.0,126536.79710130056,0,0.0,0.0,127960.99632130055,-0.011129947882118208,129331.41624730409
2020-03-10,126536.79710130056,0.0,126536.79710130056,0,0.0,0.0,127960.99632130055,-0.011129947882118208,134990.24340145834
2020-03-11,126536.79710130056,0.0,126536.79710130056,0,0.0,0.0,127960.99632130055,-0.011129947882118208,128360.89144500358
2020-03-12,126536.79710130056,0.0,126536.79710130056,0,0.0,0.0,127960.99632130055,-0.011129947882118208,119461.84656465029
2020-03-13,126536.79710130056,0.0,126536.79710130056,0,0.0,0.0,127960.99632130055,-0.011129947882118208,126466.0573071788
2020-03-16,126536.79710130056,0.0,126536.79710130056,0,0.0,0.0,127960.99632130055,-0.011129947882118208,112827.3595563315
2020-03-17,126536.79710130056,0.0,126536.79710130056,0,0.0,0.0,127960.99632130055,-0.011129947882118208,118974.01663756803
2020-03-18,126536.79710130056,0.0,126536.79710130056,0,0.0,0.0,127960.99632130055,-0.011129947882118208,110311.18414295983
2020-03-19,126536.79710130056,0.0,126536.79710130056,0,0.0,0.0,127960.99632130055,-0.011129947882118208,112586.01211872238
2020-03-20,126536.79710130056,0.0,126536.79710130056,0,0.0,0.0,127960.99632130055,-0.011129947882118208,108000.41080414911
2020-03-23,126536.79710130056,0.0,126536.79710130056,0,0.0,0.0,127960.99632130055,-0.011129947882118208,104837.21885591043
2020-03-24,126536.79710130056,0.0,126536.79710130056,0,0.0,0.0,127960.99632130055,-0.011129947882118208,113931.39570709663
2020-03-25,125236.75820510057,0.0,125236.75820510057,0,0.0,-0.010273998757525216,127960.99632130055,-0.021289597568931243,116185.68347540309
2020-03-26,64304.49803010057,63767.05,128071.54803010057,2,0.49790176647988105,0.022635445580262203,128071.54803010057,0.0,122845.84574304198
2020-03-27,64304.49803010057,61755.7,126060.19803010057,2,0.4898905520143163,-0.015704893326715208,128071.54803010057,-0.015704893326715152,119579.95275752284
2020-03-30,64304.49803010057,63580.25,127884.74803010057,2,0.4971683565035836,0.01447364059799705,128071.54803010057,-0.0014585597103589272,123143.67875115537
2020-03-31,64304.49803010057,62537.399999999994,126841.89803010056,2,0.49303424949664015,-0.008154608083166814,128071.54803010057,-0.009601273810721839,121161.54873164216
2020-04-01,123955.53985860058,0.0,123955.53985860058,0,0.0,-0.02275555803189755,128071.54803010057,-0.0321383494992394,115836.49994864948
2020-04-02,123955.53985860058,0.0,123955.53985860058,0,0.0,0.0,128071.54803010057,-0.0321383494992394,118609.42795522233
2020-04-03,123321.11617390058,0.0,123321.11617390058,0,0.0,-0.005118155150013459,128071.54803010057,-0.03709201559025043,116735.13402485364
2020-04-06,123321.11617390058,0.0,123321.11617390058,0,0.0,0.0,128071.54803010057,-0.03709201559025043,124637.9788435863
2020-04-07,120800.77675050059,0.0,120800.77675050059,0,0.0,-0.020437208984112165,128071.54803010057,-0.05677116730010274,124843.38091814726
2020-04-08,120800.77675050059,0.0,120800.77675050059,0,0.0,0.0,128071.54803010057,-0.05677116730010274,128997.63787614254
2020-04-09,120800.77675050059,0.0,120800.77675050059,0,0.0,0.0,128071.54803010057,-0.05677116730010274,130984.90294751976
2020-04-13,120800.77675050059,0.0,120800.77675050059,0,0.0,0.0,128071.54803010057,-0.05677116730010274,129767.8956557461
2020-04-14,120800.77675050059,0.0,120800.77675050059,0,0.0,0.0,128071.54803010057,-0.05677116730010274,133614.04950189995
2020-04-15,120800.77675050059,0.0,120800.77675050059,0,0.0,0.0,128071.54803010057,-0.05677116730010274,130764.09571736673
2020-04-16,120800.77675050059,0.0,120800.77675050059,0,0.0,0.0,128071.54803010057,-0.05677116730010274,131334.08647427338
2020-04-17,120800.77675050059,0.0,120800.77675050059,0,0.0,0.0,128071.54803010057,-0.05677116730010274,134902.94751976992
2020-04-20,120800.77675050059,0.0,120800.77675050059,0,0.0,0.0,128071.54803010057,-0.05677116730010274,132653.7948033275
2020-04-21,120800.77675050059,0.0,120800.77675050059,0,0.0,0.0,128071.54803010057,-0.05677116730010274,128607.37393447672
2020-04-22,120800.77675050059,0.0,120800.77675050059,0,0.0,0.0,128071.54803010057,-0.05677116730010274,131370.03183732156
2020-04-23,62126.88511050059,58311.12,120438.00511050058,2,0.48415879976175435,-0.0030030571802469597,128071.54803010057,-0.05960373741875817,131354.62668172948
2020-04-24,32727.508420500584,88799.82,121527.32842050059,3,0.7306983635215029,0.0090446807799629,128071.54803010057,-0.05109815341704075,133182.70514532196
2020-04-27,3416.0953805005847,120192.75,123608.84538050058,4,0.9723636656423338,0.017127974317000305,128071.54803010057,-0.03484538695941368,135164.83516483515
2020-04-28,3416.0953805005847,119871.74,123287.83538050059,4,0.9722917076939702,-0.0025969824328658797,128071.54803010057,-0.03735187653447954,134502.41347437608
2020-04-29,3416.0953805005847,123917.65,127333.74538050058,4,0.9731721126218933,0.03281678186264836,128071.54803010057,-0.005760863056223772,138014.78894936838
2020-04-30,3416.0953805005847,122034.31,125450.40538050058,4,0.9727693555860636,-0.014790580410339538,128071.54803010057,-0.020466236958297294,136828.59196877887
2020-05-01,3416.0953805005847,118412.23,121828.32538050058,4,0.9719597608369708,-0.02887260498691857,128071.54803010057,-0.04874792836995031,133157.02988600184
2020-05-04,32111.213701300585,89844.69,121955.90370130059,3,0.7366981611652955,0.0010471975248904641,128071.54803010057,-0.04775177955499242,133511.34846461948
2020-05-05,32111.213701300585,90670.23000000001,122781.4437013006,3,0.7384685117449842,0.006769167993883718,128071.54803010057,-0.041305851378923356,134718.0856526651
2020-05-06,32111.213701300585,90413.58,122524.79370130059,3,0.7379206874685011,-0.0020902995783660394,128071.54803010057,-0.04330980935356803,133865.66704323713
2020-05-07,92864.51121130059,30831.93,123696.44121130058,1,0.24925478613675164,0.009562534035815862,128071.54803010057,-0.03416142684378042,135447.26301735645
2020-05-08,124877.11125130058,0.0,124877.11125130058,0,0.0,0.009544899015996311,128071.54803010057,-0.024942595197250277,137711.82088939098
2020-05-11,94603.0821513006,30368.8,124971.8821513006,1,0.24300506223658525,0.0007589132952419142,128071.54803010057,-0.024202611169121376,137763.1714080312
2020-05-12,94603.0821513006,29790.6,124393.6821513006,1,0.2394864392209691,-0.0046266407294721645,128071.54803010057,-0.028717275111998862,134908.08257163398
2020-05-13,124240.59163330059,0.0,124240.59163330059,0,0.0,-0.0012306936763381016,128071.54803010057,-0.02991262661945492,132525.41850672688
2020-05-14,124240.59163330059,0.0,124240.59163330059,0,0.0,0.0,128071.54803010057,-0.02991262661945492,134194.31036253463
2020-05-15,93931.4449933006,30915.36,124846.8049933006,1,0.24762636097622961,0.004879350235140967,128071.54803010057,-0.02517923056604319,134784.84132689738
2020-05-18,93931.4449933006,31491.36,125422.8049933006,1,0.2510816115273622,0.004613654310424042,128071.54803010057,-0.02068174452125342,138856.93745506828
2020-05-19,3255.480908300582,120943.23,124198.71090830058,4,0.9737881264266568,-0.009759740942370088,128071.54803010057,-0.03023963699485982,137573.17448906234
2020-05-20,3255.480908300582,123389.32999999999,126644.81090830057,4,0.9742943995497947,0.019695051439028388,128071.54803010057,-0.01114015676194278,139842.86741296086
2020-05-21,3255.480908300582,122786.21,126041.69090830059,4,0.9741713961083793,-0.004762295396663951,128071.54803010057,-0.015849399441341252,138805.58693642804
2020-05-22,3255.480908300582,123072.35999999999,126327.84090830057,4,0.974229901461993,0.002270280555091597,128071.54803010057,-0.013615101469611214,139108.55499640544
2020-05-26,3255.480908300582,124929.48,128184.96090830058,4,0.9746032538822597,0.014700797438215174,128184.96090830058,0.0,140859.60768203757
2020-05-27,3255.480908300582,127221.91,130477.39090830059,4,0.9750494634692034,0.017883767204484702,130477.39090830059,0.0,142908.4933757831
2020-05-28,3255.480908300582,126183.5,129438.98090830058,4,0.9748493005317549,-0.007958543566599974,130477.39090830059,-0.007958543566599958,142682.55109376603
2020-05-29,3255.480908300582,126636.11,129891.59090830058,4,0.9749369386768166,0.0034967055273762426,130477.39090830059,-0.004489666722502925,143350.10783608916
2020-06-01,35648.63586830058,94770.72,130419.35586830058,3,0.7266614634694324,0.004063118761649331,130477.39090830059,-0.00044479000994731313,143801.99240012324
2020-06-02,35648.63586830058,95660.09,131308.7258683006,3,0.7285128186830836,0.006819309864542822,131308.7258683006,0.0,145044.674951217
2020-06-03,133082.52331330057,0.0,133082.52331330057,0,0.0,0.013508602975700557,133082.52331330057,0.0,146929.23898531374
2020-06-04,133082.52331330057,0.0,133082.52331330057,0,0.0,0.0,133082.52331330057,0.0,146574.9204066961
2020-06-05,133082.52331330057,0.0,133082.52331330057,0,0.0,0.0,133082.52331330057,0.0,150369.7237342097
2020-06-08,133082.52331330057,0.0,133082.52331330057,0,0.0,0.0,133082.52331330057,0.0,152136.18157543387
2020-06-09,133082.52331330057,0.0,133082.52331330057,0,0.0,0.0,133082.52331330057,0.0,151098.9010989011
2020-06-10,133082.52331330057,0.0,133082.52331330057,0,0.0,0.0,133082.52331330057,0.0,150200.2670226969
2020-06-11,133082.52331330057,0.0,133082.52331330057,0,0.0,0.0,133082.52331330057,0.0,141563.10978740884
2020-06-12,133082.52331330057,0.0,133082.52331330057,0,0.0,0.0,133082.52331330057,0.0,143298.75731744888
2020-06-15,133082.52331330057,0.0,133082.52331330057,0,0.0,0.0,133082.52331330057,0.0,144587.65533531888
2020-06-16,133082.52331330057,0.0,133082.52331330057,0,0.0,0.0,133082.52331330057,0.0,147242.4771490192
2020-06-17,100634.23762330058,32327.879999999997,132962.11762330058,1,0.243136019325363,-0.000904744567523208,133082.52331330057,-0.0009047445675231755,146728.9719626168
2020-06-18,100634.23762330058,32416.2,133050.4376233006,1,0.243638432004098,0.00066424934845144,133082.52331330057,-0.00024109619506118384,146775.187429393
2020-06-19,100634.23762330058,32410.68,133044.91762330057,1,0.24360705075384118,-4.148802588421763e-05,133082.52331330057,-0.000282574218340195,145897.09356064495
2020-06-22,100634.23762330058,32798.46,133432.69762330057,1,0.24580526800555816,0.0029146547416261104,133432.69762330057,0.0,146903.56372599362
2020-06-23,35920.95303330059,97300.68,133221.63303330058,3,0.7303669665697489,-0.0015818056125632696,133432.69762330057,-0.0015818056125632696,147535.17510526854
2020-06-24,98518.4607865006,32395.5,130913.9607865006,1,0.24745641950923628,-0.017322053440248286,133432.69762330057,-0.01887645893145865,143853.34291876346
2020-06-25,98518.4607865006,32704.620000000003,131223.0807865006,1,0.24922917373971948,0.0023612454939325733,133432.69762330057,-0.016559785391119346,145291.15744069012
2020-06-26,98518.4607865006,31931.82,130450.2807865006,1,0.2447815352138698,-0.005889207869287372,133432.69762330057,-0.022351469241967604,141902.0232104344
2020-06-29,130284.6318103006,0.0,130284.6318103006,0,0.0,-0.0012698246044491324,133432.69762330057,-0.023592911400827712,144017.66457841222
2020-06-30,98606.7313803006,32244.08,130850.8113803006,1,0.24641864777045092,0.004345712630361209,133432.69762330057,-0.019349726783527997,146087.09047961383
2020-07-01,35202.5757553006,95756.26000000001,130958.8357553006,3,0.7311935803928696,0.0008255537268779811,133432.69762330057,-0.01854014729571028,146857.3482592174
2020-07-02,35202.5757553006,96271.54,131474.1157553006,3,0.7322471000997673,0.003934671509777221,133432.69762330057,-0.014678425175284499,147622.47098695696
2020-07-06,3617.0612253005966,129473.70000000001,133090.7612253006,4,0.9728225972111053,0.012296302285150329,133432.69762330057,-0.0025626132431594583,149902.43401458353
2020-07-07,3617.0612253005966,127856.54,131473.60122530058,4,0.9724883079828156,-0.012150805849419188,133432.69762330057,-0.014682281276593847,148372.18855910443
2020-07-08,3617.0612253005966,128966.33999999998,132583.40122530056,4,0.9727185968087055,0.008441238314436772,133432.69762330057,-0.006364979597412398,149501.89996918966
2020-07-09,65549.5201645006,65745.85,131295.3701645006,2,0.5007476647320215,-0.009714874176528276,133432.69762330057,-0.016018018798015617,148762.45250077025
2020-07-10,65549.5201645006,66285.41,131834.9301645006,2,0.5027909516642561,0.004109512767464629,133432.69762330057,-0.011974332283311013,150200.2670226969
2020-07-13,33433.01230110061,96500.36,129933.37230110061,3,0.7426911061491982,-0.014423778743822169,133432.69762330057,-0.026225395907673647,148865.1535380507
2020-07-14,33433.01230110061,97818.8,131251.8123011006,3,0.7452758044635377,0.010147046725953679,133432.69762330057,-0.016344459499401776,150811.33819451576
2020-07-15,2182.730546100618,130078.29000000001,132261.02054610063,4,0.9834967964326284,0.007689099505040264,133432.69762330057,-0.008781034169808619,152254.28776830644
2020-07-16,68142.48356110061,63366.45,131508.93356110062,2,0.4818414101925569,-0.005686384256636368,133432.69762330057,-0.01441748609198477,151725.377426312
2020-07-17,68142.48356110061,63397.600000000006,131540.08356110062,2,0.48196411529989414,0.00023686603758754643,133432.69762330057,-0.014184035067199714,152120.77641984183
2020-07-20,68142.48356110061,63261.38,131403.86356110062,2,0.48142709267132394,-0.001035577873391924,133432.69762330057,-0.015204924267720635,153337.78371161548
2020-07-21,36324.31773610061,95170.63,131494.9477361006,3,0.7237588336169349,0.0006931620770620484,133432.69762330057,-0.014522301667545527,153635.61671972886
2020-07-22,67473.7369276006,64120.630000000005,131594.3669276006,2,0.48725968669523145,0.0007560685274352608,133432.69762330057,-0.013777212995347114,154544.52089966106
2020-07-23,67473.7369276006,63757.259999999995,131230.9969276006,2,0.48583994248839335,-0.0027612884083400013,133432.69762330057,-0.016500458545143832,152711.30738420456
2020-07-24,67473.7369276006,63057.95999999999,130531.6969276006,2,0.483085422807114,-0.005328771527856269,133432.69762330057,-0.021741302899308142,151745.91763376808
2020-07-27,99270.7651276006,31713.989999999998,130984.7551276006,1,0.2421197029311188,0.0034708673116483624,133432.69762330057,-0.01834589676520564,152865.35894012527
2020-07-28,67484.97544260061,63053.3,130538.27544260061,2,0.4830253792323567,-0.00340863854396678,133432.69762330057,-0.021692000778334858,151930.77950087294
2020-07-29,99539.82442260062,32024.030000000002,131563.85442260062,1,0.24341054874490492,0.007856538448379968,133432.69762330057,-0.014005886368092172,153686.9672383691
2020-07-30,99539.82442260062,31922.379999999997,131462.20442260063,1,0.24282553407808205,-0.0007726286254390313,133432.69762330057,-0.014767693644798564,153199.13731128682
2020-07-31,67515.69567260062,64163.48999999999,131679.1856726006,2,0.48727131529756207,0.0016505219196116805,133432.69762330057,-0.01314154612724967,154344.25387696413
2020-08-03,67515.69567260062,64819.62000000001,132335.31567260064,2,0.48981346869164255,0.004982792053646268,133432.69762330057,-0.008224235665218977,155417.47971654515
2020-08-04,3673.606487600613,129431.48000000001,133105.08648760064,4,0.9724007054535603,0.005816820786557209,133432.69762330057,-0.002455253783632738,156043.95604395602
2020-08-05,3673.606487600613,130766.76,134440.3664876006,4,0.9726748253997104,0.01003177290391788,134440.3664876006,0.0,157004.2107425285
2020-08-06,3673.606487600613,131663.96000000002,135337.56648760062,4,0.9728559735264845,0.006673590852511957,135337.56648760062,0.0,158087.7066858375
2020-08-07,3673.606487600613,131907.72,135581.32648760063,4,0.9729047754379613,0.0018011259277543878,135581.32648760063,0.0,158205.81287871004
2020-08-10,3673.606487600613,132638.63,136312.2364876006,4,0.9730500607850069,0.00539093412739855,136312.2364876006,0.0,158673.10259833623
2020-08-11,36450.03480760061,98631.23999999999,135081.2748076006,3,0.7301621941344777,-0.009030456191744585,136312.2364876006,-0.009030456191744604,157379.06952860224
2020-08-12,36450.03480760061,99916.82,136366.8548076006,3,0.7327060533952492,0.00951708519060901,136366.8548076006,0.0,159504.9810003081
2020-08-13,36450.03480760061,99858.62,136308.6548076006,3,0.7325919263230222,-0.0004267899269373432,136366.8548076006,-0.00042678992693734677,159268.768614563
2020-08-14,69203.02480760062,67061.81,136264.83480760062,2,0.4921431864258159,-0.0003214762852866704,136366.8548076006,-0.0007481290093837618,159284.17377015506
2020-08-17,69203.02480760062,67145.81,136348.83480760062,2,0.49245606018377963,0.0006164466431755056,136366.8548076006,-0.00013214354782482783,159792.54390469342
2020-08-18,135901.93276260063,0.0,135901.93276260063,0,0.0,-0.0032776374336502823,136366.8548076006,-0.0034093478628361797,160110.9171202629
2020-08-19,135901.93276260063,0.0,135901.93276260063,0,0.0,0.0,136366.8548076006,-0.0034093478628361797,159417.68511861967
2020-08-20,135901.93276260063,0.0,135901.93276260063,0,0.0,0.0,136366.8548076006,-0.0034093478628361797,159977.40577179828
2020-08-21,135901.93276260063,0.0,135901.93276260063,0,0.0,0.0,136366.8548076006,-0.0034093478628361797,160516.58621752076
2020-08-24,102876.47861260062,33178.6,136055.07861260063,1,0.24386153268465488,0.0011268850036705302,136366.8548076006,-0.0022863048021446826,162144.39765841633
2020-08-25,102876.47861260062,33114.9,135991.37861260062,1,0.24350734831753268,-0.0004681927396579244,136366.8548076006,-0.0027534271104936265,162734.9286227791
2020-08-26,102876.47861260062,33203.3,136079.77861260064,1,0.24399878026348776,0.0006500412077727891,136366.8548076006,-0.0021051757438052443,164373.01016740268
2020-08-27,102876.47861260062,33398.3,136274.77861260064,1,0.24508056692533,0.0014329829309549513,136366.8548076006,-0.0006752094937577188,164717.05864229225
2020-08-28,102876.47861260062,33592.0,136468.47861260062,1,0.2461520809897732,0.001421392879680461,136468.47861260062,0.0,165774.87932628117
2020-08-31,69819.88914260062,65937.74,135757.62914260064,2,0.48570191168216853,-0.005208891292896367,136468.47861260062,-0.005208891292896345,165420.56074766352
2020-09-01,69819.88914260062,66666.26,136486.1491426006,2,0.4884470726062258,0.005366328246898977,136486.1491426006,0.0,166771.0793879018
2020-09-02,69819.88914260062,67431.92,137251.80914260063,2,0.49130077352889534,0.005609800003955501,137251.80914260063,0.0,169184.553763993
2020-09-03,102180.73126200063,33202.0,135382.73126200063,1,0.245245458490164,-0.013617874272666808,137251.80914260063,-0.01361787427266685,163392.21526137413
2020-09-04,102180.73126200063,33008.3,135189.03126200062,1,0.2441640397291469,-0.0014307585479653717,137251.80914260063,-0.015029148930611524,161887.64506521513
2020-09-08,134512.04119500064,0.0,134512.04119500064,0,0.0,-0.005007729256436111,137251.80914260063,-0.01996161627824848,157594.74170689122
2020-09-09,134512.04119500064,0.0,134512.04119500064,0,0.0,0.0,137251.80914260063,-0.01996161627824848,160665.50272157748
2020-09-10,134512.04119500064,0.0,134512.04119500064,0,0.0,0.0,137251.80914260063,-0.01996161627824848,158000.4108041491
2020-09-11,134512.04119500064,0.0,134512.04119500064,0,0.0,0.0,137251.80914260063,-0.01996161627824848,157979.87059669298
2020-09-14,134512.04119500064,0.0,134512.04119500064,0,0.0,0.0,137251.80914260063,-0.01996161627824848,160039.02639416658
2020-09-15,134512.04119500064,0.0,134512.04119500064,0,0.0,0.0,137251.80914260063,-0.01996161627824848,160829.82438122624
2020-09-16,101815.32157500062,32829.72,134645.04157500062,1,0.24382420337189345,0.0009887618894071082,137251.80914260063,-0.018992591674268217,160244.4284687275
2020-09-17,69011.59323500063,65604.26,134615.85323500063,2,0.48734423489835027,-0.00021677991004021013,137251.80914260063,-0.01920525437199388,158822.01910239292
2020-09-18,69011.59323500063,65230.1,134241.69323500062,2,0.4859153548205742,-0.002779464609913518,137251.80914260063,-0.021931338657056106,157035.0210537126
2020-09-21,132869.19896180063,0.0,132869.19896180063,0,0.0,-0.01022405364626422,137251.80914260063,-0.031931165120356195,155304.5085755366
2020-09-22,132869.19896180063,0.0,132869.19896180063,0,0.0,0.0,137251.80914260063,-0.031931165120356195,156814.2138235596
2020-09-23,132190.17688370062,0.0,132190.17688370062,0,0.0,-0.005110455119814672,137251.80914260063,-0.036878437453899904,153127.2465851905
2020-09-24,132190.17688370062,0.0,132190.17688370062,0,0.0,0.0,137251.80914260063,-0.036878437453899904,153548.32083804044
2020-09-25,132190.17688370062,0.0,132190.17688370062,0,0.0,0.0,137251.80914260063,-0.036878437453899904,156064.49625141214
2020-09-28,100152.76648370063,32087.999999999996,132240.76648370063,1,0.24264832134011421,0.0003827031719951801,137251.80914260063,-0.03650984777689648,158688.50775392828
2020-09-29,3693.4570887006266,127968.45999999999,131661.91708870063,4,0.9719474152407157,-0.004377238656366522,137251.80914260063,-0.04072727411623595,157825.8190407723
2020-09-30,3693.4570887006266,128749.03,132442.48708870064,4,0.9721127474280438,0.00592859360747533,137251.80914260063,-0.03504013596573611,158724.45311697648
2020-10-01,3693.4570887006266,130153.04,133846.49708870062,4,0.9724052764245824,0.010600903311787535,137251.80914260063,-0.024810689747353263,159982.5408236623
2020-10-02,3693.4570887006266,128948.68000000001,132642.13708870063,4,0.9721547227014992,-0.008998068878872889,137251.80914260063,-0.03358551033094711,158513.9159905515
2020-10-05,3693.4570887006266,131630.19999999998,135323.65708870062,4,0.9727064936895721,0.02021620021250703,137251.80914260063,-0.014048281519529634,161286.84399712435
2020-10-06,3693.4570887006266,130057.51,133750.96708870062,4,0.9723855672291983,-0.011621693012398793,137251.80914260063,-0.025506709716756698,159022.28612508986
2020-10-07,3693.4570887006266,132489.54,136182.99708870065,4,0.9728787207826322,0.01818327039375478,137251.80914260063,-0.007787234722636804,161774.67392420664
2020-10-08,3693.4570887006266,133505.74,137199.1970887006,4,0.9730796012872236,0.007462018179391849,137251.80914260063,-0.0003833250303124485,163150.867823765
2020-10-09,3693.4570887006266,134654.25,138347.7070887006,4,0.97330308418966,0.008371113128726959,138347.7070887006,0.0,164614.35760501178
2020-10-12,37770.209888700636,102660.61,140430.81988870064,3,0.7310404516712523,0.015057082215785833,140430.81988870064,0.0,167284.58457430417
2020-10-13,139733.42661870064,0.0,139733.42661870064,0,0.0,-0.004966098400285057,140430.81988870064,-0.0049660984002850945,166247.30409777138
2020-10-14,139733.42661870064,0.0,139733.42661870064,0,0.0,0.0,140430.81988870064,-0.0049660984002850945,165184.34836191844
2020-10-15,139733.42661870064,0.0,139733.42661870064,0,0.0,0.0,140430.81988870064,-0.0049660984002850945,164999.48649481358
2020-10-16,139733.42661870064,0.0,139733.42661870064,0,0.0,0.0,140430.81988870064,-0.0049660984002850945,164891.6504056691
2020-10-19,139733.42661870064,0.0,139733.42661870064,0,0.0,0.0,140430.81988870064,-0.0049660984002850945,162431.96056280166
2020-10-20,139733.42661870064,0.0,139733.42661870064,0,0.0,0.0,140430.81988870064,-0.0049660984002850945,162986.54616411624
2020-10-21,139733.42661870064,0.0,139733.42661870064,0,0.0,0.0,140430.81988870064,-0.0049660984002850945,162678.44305227482
2020-10-22,139733.42661870064,0.0,139733.42661870064,0,0.0,0.0,140430.81988870064,-0.0049660984002850945,163623.2925952552
2020-10-23,105759.12351370064,33929.450000000004,139688.57351370066,1,0.242893524835603,-0.00032099051805534184,140430.81988870064,-0.005285494847842233,164085.44726301735
2020-10-26,139018.45577080065,0.0,139018.45577080065,0,0.0,-0.0047972266166371735,140430.81988870064,-0.01005736574791328,161137.92749306766
2020-10-27,139018.45577080065,0.0,139018.45577080065,0,0.0,0.0,140430.81988870064,-0.01005736574791328,160624.42230666528
2020-10-28,139018.45577080065,0.0,139018.45577080065,0,0.0,0.0,140430.81988870064,-0.01005736574791328,155104.24155283967
2020-10-29,139018.45577080065,0.0,139018.45577080065,0,0.0,0.0,140430.81988870064,-0.01005736574791328,156711.51278627914
2020-10-30,139018.45577080065,0.0,139018.45577080065,0,0.0,0.0,140430.81988870064,-0.01005736574791328,155099.10650097564
2020-11-02,139018.45577080065,0.0,139018.45577080065,0,0.0,0.0,140430.81988870064,-0.01005736574791328,156762.86330491936
2020-11-03,139018.45577080065,0.0,139018.45577080065,0,0.0,0.0,140430.81988870064,-0.01005736574791328,159479.30574098797
2020-11-04,71445.81224580064,68422.25,139868.06224580063,2,0.489191377226321,0.006111465346735789,140430.81988870064,-0.00400736564342525,163156.00287562903
2020-11-05,3825.6896408006432,137850.71,141676.39964080064,4,0.9729969871446472,0.012928880017098354,141676.39964080064,0.0,166257.5742014994
2020-11-06,3825.6896408006432,137490.59999999998,141316.28964080062,4,0.9729281765709754,-0.0025417783124995763,141676.39964080064,-0.002541778312499614,166252.43914963538
2020-11-09,3825.6896408006432,139584.41000000003,143410.09964080068,4,0.973323429448952,0.014816480147632927,143410.09964080068,0.0,168357.81041388516
2020-11-10,36555.14143080064,107372.95,143928.09143080065,3,0.7460180214480504,0.0036119617188565822,143928.09143080065,0.0,168101.057820684
2020-11-11,36555.14143080064,107600.65000000001,144155.79143080066,3,0.7464191964264698,0.0015820400155135417,144155.79143080066,0.0,169359.1455273698
2020-11-12,36555.14143080064,106308.6,142863.74143080064,3,0.7441258288163554,-0.008962872647542919,144155.79143080066,-0.008962872647542865,167751.87429393036
2020-11-13,36555.14143080064,108017.6,144572.74143080064,3,0.7471505273468328,0.011962447454365366,144572.74143080064,0.0,170011.29711410083
2020-11-16,36555.14143080064,109930.70000000001,146485.84143080065,3,0.7504527326754024,0.013232784970849565,146485.84143080065,0.0,172137.20858580671
2020-11-17,36555.14143080064,109767.4,146322.54143080063,3,0.7501742310285909,-0.0011147835067538692,146485.84143080065,-0.0011147835067538577,171305.33018383486
2020-11-18,110262.39345580063,34583.85,144846.24345580064,1,0.23876249169384325,-0.010089340716503137,146485.84143080065,-0.011192876792632218,169133.20324535275
2020-11-19,144994.24358080066,0.0,144994.24358080066,0,0.0,0.001021773996128461,146485.84143080065,-0.010182539386952398,169944.5414398685
2020-11-20,109729.74545580064,35015.0,144744.74545580064,1,0.24190860877013462,-0.0017207450367571209,146485.84143080065,-0.011885762869597817,168706.9939406388
2020-11-23,109729.74545580064,35016.25,144745.99545580064,1,0.24191515550903442,8.63589207367177e-06,146485.84143080065,-0.011877229621689413,169739.13936530758
2020-11-24,39189.43351580065,106470.24,145659.67351580065,3,0.7309520708794565,0.006312285580840182,146485.84143080065,-0.005639916506130572,172404.23128273594
2020-11-25,39189.43351580065,106412.19,145601.62351580066,3,0.7308448039966544,-0.0003985317184834747,146485.84143080065,-0.006036200538996717,172096.1281708945
2020-11-27,39189.43351580065,106934.82,146124.25351580066,3,0.731807468145163,0.003589451733986282,146485.84143080065,-0.0024684154555018522,172676.3890315292
2020-11-30,39189.43351580065,106581.73,145771.16351580064,3,0.7311578465136367,-0.0024163682038029766,146485.84143080065,-0.0048788190586843755,171962.61682242987
2020-12-01,39189.43351580065,107584.94,146774.37351580066,3,0.7329953957420107,0.006882088170279799,146774.37351580066,0.0,173687.9942487419
2020-12-02,39189.43351580065,107818.88999999998,147008.32351580064,3,0.7334203086018559,0.0015939431005289606,147008.32351580064,0.0,174150.14891650403
2020-12-03,39189.43351580065,107954.04999999999,147143.48351580065,3,0.7336651778290108,0.0009194037233237751,147143.48351580065,0.0,174078.2581904077
2020-12-04,39189.43351580065,108710.98,147900.41351580064,3,0.7350282356606533,0.005144162567815691,147900.41351580064,0.0,175557.15312724657
2020-12-07,76219.03414080065,71635.06,147854.09414080065,2,0.48449831853680236,-0.0003131794827270218,147900.41351580064,-0.0003131794827270271,175264.45517099721
2020-12-08,76219.03414080065,71865.76000000001,148084.79414080066,2,0.48530141407813454,0.0015603220278792573,148084.79414080066,0.0,175752.28509807948
2020-12-09,147547.87129080066,0.0,147547.87129080066,0,0.0,-0.003625779764325321,148084.79414080066,-0.003625779764325367,174129.60870904796
2020-12-10,147547.87129080066,0.0,147547.87129080066,0,0.0,0.0,148084.79414080066,-0.003625779764325367,174175.82417582415
2020-12-11,147547.87129080066,0.0,147547.87129080066,0,0.0,0.0,148084.79414080066,-0.003625779764325367,173826.64064907053
2020-12-14,147547.87129080066,0.0,147547.87129080066,0,0.0,0.0,148084.79414080066,-0.003625779764325367,173241.24473657183
2020-12-15,147547.87129080066,0.0,147547.87129080066,0,0.0,0.0,148084.79414080066,-0.003625779764325367,175454.4520899661
2020-12-16,39773.64700080067,107844.65999999999,147618.30700080068,3,0.7305642653076562,0.0004773753045965723,148084.79414080066,-0.0031501353174482032,175690.66447571118
2020-12-17,39773.64700080067,108445.97000000002,148219.61700080067,3,0.731657335205597,0.004073410759254603,148219.61700080067,0.0,176702.26969292387
2020-12-18,39773.64700080067,108086.95000000001,147860.59700080068,3,0.7310057729539311,-0.0024222164870257856,148219.61700080067,-0.002422216487025804,176003.90263941663
2020-12-21,39773.64700080067,107869.31000000001,147642.9570008007,3,0.7306092494436766,-0.0014719269664439372,148219.61700080067,-0.0038905781277039685,175290.13043031734
2020-12-22,39773.64700080067,107706.04,147479.68700080068,3,0.730311015641193,-0.0011058434707396092,148219.61700080067,-0.004992119228023615,175120.67371880452
2020-12-23,39773.64700080067,107687.54000000001,147461.18700080068,3,0.7302771813400315,-0.00012544100395261992,148219.61700080067,-0.00511693401552843,175213.10465235697
2020-12-24,39773.64700080067,108083.97,147857.61700080067,3,0.7310003515031269,0.002688368431469579,148219.61700080067,-0.0024423217879320554,175947.41706891236
2020-12-28,39773.64700080067,108995.99,148769.6370008007,3,0.73264943168083,0.006168231427638116,148769.6370008007,0.0,177467.39242066344
2020-12-29,39773.64700080067,108911.95999999999,148685.60700080066,3,0.7324983379152059,-0.0005648329974723421,148769.6370008007,-0.0005648329974722979,177184.9645681421
2020-12-30,39773.64700080067,109026.43,148800.07700080067,3,0.7327041235295418,0.0007698794947879062,148800.07700080067,0.0,177380.09653897502
2020-12-31,149247.1769608007,0.0,149247.1769608007,0,0.0,0.003004702477389376,149247.1769608007,0.0,178437.91722296394
2021-01-04,149247.1769608007,0.0,149247.1769608007,0,0.0,0.0,149247.1769608007,0.0,175921.74180959223
2021-01-05,149247.1769608007,0.0,149247.1769608007,0,0.0,0.0,149247.1769608007,0.0,177077.1284789976
2021-01-06,40218.33068080069,109932.59999999999,150150.9306808007,3,0.732147310053648,0.006055415843727374,150150.9306808007,0.0,178037.38317757007
2021-01-07,3981.0815808006882,148297.24,152278.3215808007,4,0.9738565441260902,0.014168349742183839,152278.3215808007,0.0,180764.09571736673
2021-01-08,3981.0815808006882,148968.22,152949.30158080067,4,0.9739712339994078,0.004406273939944638,152949.30158080067,0.0,181791.10609017147
2021-01-11,3981.0815808006882,148043.52000000002,152024.60158080072,4,0.9738129122562786,-0.006045794197441667,152949.30158080067,-0.006045794197441622,180558.69364280577
2021-01-12,3981.0815808006882,148687.9,152668.98158080067,4,0.9739234418178543,0.004238656068159097,152949.30158080067,-0.0018327641715442447,180538.15343534967
2021-01-13,3981.0815808006882,148769.86000000002,152750.9415808007,4,0.9739374334481938,0.0005368477548706174,152949.30158080067,-0.0012969003320044297,181036.25346616
2021-01-14,3981.0815808006882,149144.32,153125.4015808007,4,0.9740011680642028,0.0024514415173142456,153125.4015808007,0.0,180502.2080723015
2021-01-15,3981.0815808006882,147761.06,151742.1415808007,4,0.9737641663724587,-0.009033511002876304,153125.4015808007,-0.009033511002876261,179115.74406901508
2021-01-19,3981.0815808006882,149230.12,153211.2015808007,4,0.9740157277031657,0.009681292122911911,153211.2015808007,0.0,180527.88333162162
2021-01-20,3981.0815808006882,151053.8,155034.8815808007,4,0.9743213814839091,0.011903046129680073,155034.8815808007,0.0,182987.57317448905
2021-01-21,117586.44958080068,37413.88,155000.32958080067,1,0.24137935771611624,-0.00022286597472598313,155034.8815808007,-0.00022286597472593561,183157.02988600184
2021-01-22,155414.74550080067,0.0,155414.74550080067,0,0.0,0.0026736454117277653,155414.74550080067,0.0,182520.28345486286
2021-01-25,155414.74550080067,0.0,155414.74550080067,0,0.0,0.0,155414.74550080067,0.0,183341.8917531067
2021-01-26,155414.74550080067,0.0,155414.74550080067,0,0.0,0.0,155414.74550080067,0.0,182967.03296703295
2021-01-27,155414.74550080067,0.0,155414.74550080067,0,0.0,0.0,155414.74550080067,0.0,178627.91414193282
2021-01-28,155414.74550080067,0.0,155414.74550080067,0,0.0,0.0,155414.74550080067,0.0,179993.83793776314
2021-01-29,155414.74550080067,0.0,155414.74550080067,0,0.0,0.0,155414.74550080067,0.0,176476.32741090684
2021-02-01,155414.74550080067,0.0,155414.74550080067,0,0.0,0.0,155414.74550080067,0.0,179280.06572866385
2021-02-02,155414.74550080067,0.0,155414.74550080067,0,0.0,0.0,155414.74550080067,0.0,181775.70093457942
2021-02-03,42280.712785800686,112718.81,154999.52278580068,3,0.7272203679992622,-0.002671707331643347,155414.74550080067,-0.0026717073316433965,182052.9937352367
2021-02-04,4527.320860800683,152439.78999999998,156967.11086080066,4,0.9711575193301765,0.012694155695685883,156967.11086080066,0.0,184091.60932525416
2021-02-05,4527.320860800683,153352.54,157879.8608608007,4,0.9713242662102906,0.005814912404226158,157879.8608608007,0.0,184815.65163808153
2021-02-08,4527.320860800683,155175.96000000002,159703.2808608007,4,0.971651672799717,0.011549414789563839,159703.2808608007,0.0,186191.8455376399
2021-02-09,4527.320860800683,155355.02,159882.34086080067,4,0.9716834214684014,0.0011212042672814615,159882.34086080067,0.0,186094.27955222345
2021-02-10,4527.320860800683,155055.74,159583.06086080067,4,0.971630316924741,-0.0018718765211259702,159882.34086080067,-0.0018718765211260123,186027.52387799113
2021-02-11,4527.320860800683,155293.3,159820.62086080067,4,0.9716724860883637,0.001488629173538758,159882.34086080067,-0.0003860338775858731,186284.27647119234
2021-02-12,4527.320860800683,155855.2,160382.5208608007,4,0.9717717315047689,0.0035158166510278477,160382.5208608007,0.0,187249.6662216288
2021-02-16,4527.320860800683,155540.61,160067.93086080067,4,0.9717162529905021,-0.001961498038012932,160382.5208608007,-0.0019614980380129126,187080.20951011602
2021-02-17,4527.320860800683,155177.65,159704.97086080068,4,0.97165197278207,-0.002267537276505638,160382.5208608007,-0.004224587544599558,187116.1548731642
2021-02-18,119903.8976808007,38678.85,158582.7476808007,1,0.24390326542868174,-0.007026851912944609,160382.5208608007,-0.011221753906474943,186335.62698983258
2021-02-19,158558.6852808007,0.0,158558.6852808007,0,0.0,-0.0001517340338208495,160382.5208608007,-0.011371785218308977,185971.0383074869
2021-02-22,158558.6852808007,0.0,158558.6852808007,0,0.0,0.0,160382.5208608007,-0.011371785218308977,184553.7639930163
2021-02-23,158558.6852808007,0.0,158558.6852808007,0,0.0,0.0,160382.5208608007,-0.011371785218308977,184764.30111944128
2021-02-24,158558.6852808007,0.0,158558.6852808007,0,0.0,0.0,160382.5208608007,-0.011371785218308977,186823.45691691485
2021-02-25,156937.9187500007,0.0,156937.9187500007,0,0.0,-0.010221871655467396,160382.5208608007,-0.021477415944781322,182309.74632843788
2021-02-26,156937.9187500007,0.0,156937.9187500007,0,0.0,0.0,160382.5208608007,-0.021477415944781322,181185.16997021667
2021-03-01,156937.9187500007,0.0,156937.9187500007,0,0.0,0.0,160382.5208608007,-0.021477415944781322,185673.20529937348
2021-03-02,42403.50621000071,113276.26000000001,155679.76621000073,3,0.7276235233241457,-0.00801688049657523,160382.5208608007,-0.029322114564351954,184307.28150354317
2021-03-03,117115.3278965007,37867.76,154983.0878965007,1,0.2443347884853635,-0.0044750729684437385,160382.5208608007,-0.03366596893053115,181847.59166067574
2021-03-04,154530.8968208007,0.0,154530.8968208007,0,0.0,-0.0029176801277955855,160382.5208608007,-0.03648542252979513,179593.3038923693
2021-03-05,154530.8968208007,0.0,154530.8968208007,0,0.0,0.0,160382.5208608007,-0.03648542252979513,182874.6020334805
2021-03-08,117053.3177208007,37636.299999999996,154689.61772080068,1,0.24330204285545368,0.0010271143393676407,160382.5208608007,-0.03549578289108573,181996.50816473246
2021-03-09,117053.3177208007,37679.2,154732.5177208007,1,0.24351183936648876,0.00027732953660430937,160382.5208608007,-0.035228297383501916,184579.43925233642
2021-03-10,41778.950050800704,113686.04000000001,155464.99005080073,3,0.7312645757919596,0.004733797011703178,160382.5208608007,-0.030661263980680253,185657.80014378144
2021-03-11,41778.950050800704,115171.92000000001,156950.87005080073,3,0.7338087387646974,0.009557650243405158,160382.5208608007,-0.021396663374423225,187593.7146965184
2021-03-12,4147.8442108007,153633.62,157781.4642108007,4,0.9737114607755251,0.005292064706179378,160382.5208608007,-0.01621783119531769,187855.6023415836
2021-03-15,4147.8442108007,154598.3,158746.1442108007,4,0.9738712128636476,0.006114026161597508,160382.5208608007,-0.01020296127793275,189036.66427030912
2021-03-16,4147.8442108007,153941.42,158089.2642108007,4,0.9737626445950824,-0.004137927275434938,160382.5208608007,-0.01429866944160555,188738.83126219574
2021-03-17,4147.8442108007,154782.97999999998,158930.8242108007,4,0.9739015749059531,0.005323321632251021,160382.5208608007,-0.009051464225705465,189385.84779706274
2021-03-18,4147.8442108007,151703.82,155851.66421080072,4,0.9733859485440562,-0.019374215261829142,160382.5208608007,-0.028250314471191012,186674.54041285813
2021-03-19,4147.8442108007,151746.1,155893.9442108007,4,0.9733931665415306,0.0002712835965792415,160382.5208608007,-0.02798669472152599,186351.03214542463
2021-03-22,42906.80471080071,113804.42000000001,156711.2247108007,3,0.7262046494117947,0.005242541678815327,160382.5208608007,-0.022890874456240613,187773.44151175924
2021-03-23,79741.42654140071,75808.59999999999,155550.0265414007,2,0.4873583224996944,-0.007409795766339822,160382.5208608007,-0.03013105351794673,186376.70740474475
2021-03-24,117275.48986140071,37419.479999999996,154694.96986140072,1,0.24189202812170335,-0.005496988325954466,160382.5208608007,-0.035462411794464285,185421.58775803633
2021-03-25,117275.48986140071,37355.0,154630.4898614007,1,0.2415759015798388,-0.00041682027578393566,160382.5208608007,-0.03586445061798405,186422.922871521
2021-03-26,155171.3921214007,0.0,155171.3921214007,0,0.0,0.0034980310835517336,160382.5208608007,-0.03249187449748858,189380.71274519872
2021-03-29,79468.79531140073,76074.38,155543.17531140073,2,0.48908851094043493,0.002395951888535919,160382.5208608007,-0.030173771577017002,189308.82201910237
2021-03-30,79468.79531140073,75855.23000000001,155324.02531140074,2,0.48836765495822015,-0.0014089335617667453,160382.5208608007,-0.03154019229932376,188800.451884564
2021-03-31,79468.79531140073,75950.05,155418.8453114007,2,0.48867979843644294,0.0006104657654208978,160382.5208608007,-0.030948980741536403,189580.97976789562
2021-04-01,3834.407771400729,152504.51,156338.91777140074,4,0.975473747509194,0.005919954289690832,160382.5208608007,-0.02521224300314797,191629.86546164114
2021-04-05,3834.407771400729,154454.33,158288.73777140072,4,0.975775864882198,0.012471750654248659,160382.5208608007,-0.013054933157069003,194382.25326075792
2021-04-06,3834.407771400729,154196.04,158030.44777140074,4,0.9757362721837795,-0.0016317648598158652,160382.5208608007,-0.014665395435711912,194264.14706788535
2021-04-07,3834.407771400729,153719.13,157553.53777140073,4,0.9756628265817542,-0.003017836162116594,160382.5208608007,-0.01763897383715083,194490.0893499024
2021-04-08,3834.407771400729,154716.64,158551.04777140074,4,0.9758159417720835,0.006331244693770888,160382.5208608007,-0.011419405802889984,195414.3986854267
2021-04-09,3834.407771400729,155559.49,159393.89777140072,4,0.9759438232892708,0.005315953516845884,160382.5208608007,-0.006164157316482268,196836.8080517613
2021-04-12,3834.407771400729,155336.91999999998,159171.3277714007,4,0.9759101854266892,-0.0013963520756560266,160382.5208608007,-0.007551902058274798,196908.69877785761
2021-04-13,82088.88538640074,77433.66,159522.54538640074,2,0.48540887943104,0.002206538199545971,160382.5208608007,-0.005362027419099751,197488.95963849232
2021-04-14,82088.88538640074,77324.95000000001,159413.83538640075,2,0.48505796132796913,-0.0006814710719207362,160382.5208608007,-0.006039844424447506,196816.2678443052
2021-04-15,82088.88538640074,78086.19,160175.07538640074,2,0.48750524893856056,0.004775244244985544,160382.5208608007,-0.0012934419117903654,198931.909212283
2021-04-16,160243.19792640075,0.0,160243.19792640075,0,0.0,0.00042530050218902993,160382.5208608007,-0.0008686915110959146,199594.3309027421
2021-04-19,160243.19792640075,0.0,160243.19792640075,0,0.0,0.0,160382.5208608007,-0.0008686915110959146,198613.53599671353
2021-04-20,160243.19792640075,0.0,160243.19792640075,0,0.0,0.0,160382.5208608007,-0.0008686915110959146,197160.3163191948
2021-04-21,160243.19792640075,0.0,160243.19792640075,0,0.0,0.0,160382.5208608007,-0.0008686915110959146,199024.34014583545
2021-04-22,43457.24014140073,115671.05,159128.29014140074,3,0.7269043731772344,-0.006957598197160908,160382.5208608007,-0.00782024570176529,197206.53178597102
2021-04-23,43457.24014140073,117302.69,160759.93014140072,3,0.7296761692843687,0.01025361360038568,160759.93014140072,0.0,199347.84841326895
2021-04-26,4552.172641400743,156788.16,161340.33264140075,4,0.9717852779470926,0.0036103679535659516,161340.33264140075,0.0,199763.78761425486
2021-04-27,4552.172641400743,156661.65,161213.82264140074,4,0.9717631368897786,-0.0007841188742383487,161340.33264140075,-0.0007841188742383081,199717.57214747867
2021-04-28,4552.172641400743,156421.13,160973.30264140075,4,0.9717209464755682,-0.0014919316226065238,161340.33264140075,-0.002274880645100499,199661.0865769744
2021-04-29,4552.172641400743,156912.0,161464.17264140074,4,0.9718069181111109,0.0030493876434498635,161464.17264140074,0.0,200934.57943925232
2021-04-30,4552.172641400743,155670.45,160222.62264140075,4,0.9715884525770802,-0.007689321907698776,161464.17264140074,-0.007689321907698827,199614.8711101982
2021-05-03,4552.172641400743,155988.33000000002,160540.50264140076,4,0.9716447091761702,0.0019839894938649127,161464.17264140074,-0.005720587947713839,200046.2154667762
2021-05-04,42773.32140930074,116606.75,159380.07140930073,3,0.7316269152656142,-0.007228277057859223,161464.17264140074,-0.012907515010953182,198808.66796754647
2021-05-05,42773.32140930074,116554.37,159327.69140930072,3,0.7315386858934689,-0.0003286483657388706,161464.17264140074,-0.013231921342977912,198870.2885899147
2021-05-06,119955.29480210073,39381.25,159336.54480210075,1,0.24715767527727125,5.55671943884839e-05,161464.17264140074,-0.013177089409334727,200462.1546677621
2021-05-07,119955.29480210073,39651.25,159606.54480210075,1,0.24843122848855825,0.0016945265151528943,161464.17264140074,-0.011504891821578532,201920.5093971449
2021-05-10,159571.10167710073,0.0,159571.10167710073,0,0.0,-0.00022206561168258698,161464.17264140074,-0.0117244025924214,199917.8391701756
2021-05-11,159571.10167710073,0.0,159571.10167710073,0,0.0,0.0,161464.17264140074,-0.0117244025924214,198135.97617335935
2021-05-12,159571.10167710073,0.0,159571.10167710073,0,0.0,0.0,161464.17264140074,-0.0117244025924214,193925.23364485978
2021-05-13,159571.10167710073,0.0,159571.10167710073,0,0.0,0.0,161464.17264140074,-0.0117244025924214,196256.54719112662
2021-05-14,159571.10167710073,0.0,159571.10167710073,0,0.0,0.0,161464.17264140074,-0.0117244025924214,199270.8226353086
2021-05-17,43228.98071710073,116599.72,159828.70071710073,3,0.7295292990361181,0.0016143213733101902,161464.17264140074,-0.010129008172805426,198741.91229331412
2021-05-18,43228.98071710073,115688.68,158917.66071710072,3,0.7279787499889308,-0.00570010264684917,161464.17264140074,-0.015771374433358822,197088.42559309848
2021-05-19,157111.13172630072,0.0,157111.13172630072,0,0.0,-0.011367704398920875,161464.17264140074,-0.026959794509756555,196492.7595768717
2021-05-20,157111.13172630072,0.0,157111.13172630072,0,0.0,0.0,161464.17264140074,-0.026959794509756555,198587.86073739344
2021-05-21,42737.12930630075,113520.96,156258.08930630074,3,0.7264965321409605,-0.005429547929716727,161464.17264140074,-0.032242962943007214,198505.69990756904
2021-05-24,4439.880556300748,153121.85,157561.73055630075,4,0.9718213265326235,0.00834287207649509,161464.17264140074,-0.02416908978171279,200508.37013453836
2021-05-25,4439.880556300748,152652.95,157092.83055630076,4,0.97173721715639,-0.0029759764528128896,161464.17264140074,-0.027073139592449346,200107.8360891445
2021-05-26,4439.880556300748,153564.79,158004.67055630076,4,0.9719003207900825,0.005804466039417422,161464.17264140074,-0.021425818672376744,200446.74951217006
2021-05-27,4439.880556300748,153951.06,158390.94055630075,4,0.9719688478349393,0.002444674569682226,161464.17264140074,-0.019033523256737604,200513.50518640236
2021-05-28,4439.880556300748,154296.96000000002,158736.84055630077,4,0.9720299299095221,0.002183837022402546,161464.17264140074,-0.016891252347089804,200996.20006162062
2021-06-01,4439.880556300748,154582.41,159022.29055630075,4,0.9720801370627419,0.0017982593013670112,161464.17264140074,-0.015123367897367668,200749.71757214746
2021-06-02,4439.880556300748,154809.91,159249.79055630075,4,0.9721200226336807,0.0014306170487430325,161464.17264140074,-0.013714386596573097,201093.76604703706
2021-06-03,4439.880556300748,153893.64,158333.52055630076,4,0.9719586822758608,-0.005753665337952518,161464.17264140074,-0.019389143943733655,200344.04847488957
2021-06-04,4439.880556300748,155253.52,159693.40055630074,4,0.9721974700217155,0.008588705633665317,161464.17264140074,-0.010966965959889757,202074.5609530656
2021-06-07,121466.73185630076,38636.18,160102.91185630075,1,0.24132090760896113,0.002564359570110364,161464.17264140074,-0.00843072963389374,201987.26507137722
2021-06-08,160054.93779630074,0.0,160054.93779630074,0,0.0,-0.0002996451435128833,161464.17264140074,-0.008727848550215531,202007.8052788333
2021-06-09,160054.93779630074,0.0,160054.93779630074,0,0.0,0.0,161464.17264140074,-0.008727848550215531,201704.8372188559
2021-06-10,160054.93779630074,0.0,160054.93779630074,0,0.0,0.0,161464.17264140074,-0.008727848550215531,202634.2816062442
2021-06-11,160054.93779630074,0.0,160054.93779630074,0,0.0,0.0,161464.17264140074,-0.008727848550215531,202968.05997740573
2021-06-14,160054.93779630074,0.0,160054.93779630074,0,0.0,0.0,161464.17264140074,-0.008727848550215531,203419.94454143985
2021-06-15,160054.93779630074,0.0,160054.93779630074,0,0.0,0.0,161464.17264140074,-0.008727848550215531,203050.22080723013
2021-06-16,160054.93779630074,0.0,160054.93779630074,0,0.0,0.0,161464.17264140074,-0.008727848550215531,201915.37434528084
2021-06-17,160054.93779630074,0.0,160054.93779630074,0,0.0,0.0,161464.17264140074,-0.008727848550215531,201848.61867104855
2021-06-18,160054.93779630074,0.0,160054.93779630074,0,0.0,0.0,161464.17264140074,-0.008727848550215531,199127.0411831159
2021-06-21,160054.93779630074,0.0,160054.93779630074,0,0.0,0.0,161464.17264140074,-0.008727848550215531,201976.99496764914
2021-06-22,160054.93779630074,0.0,160054.93779630074,0,0.0,0.0,161464.17264140074,-0.008727848550215531,203055.35585909415
2021-06-23,121276.06829630077,38705.1,159981.16829630078,1,0.2419353503427001,-0.00046090111942598266,161464.17264140074,-0.009184726994474507,202808.873369621
2021-06-24,82332.50669630076,78156.42000000001,160488.92669630077,2,0.4869894864952169,0.003173863557863088,161464.17264140074,-0.006040014506908098,204010.4755058026
2021-06-25,43314.387696300764,117444.76000000001,160759.14769630076,3,0.7305634651775561,0.0016837361029358178,161464.17264140074,-0.004366448194459762,204734.51781862995
2021-06-28,43314.387696300764,117024.51999999999,160338.90769630077,3,0.7298572859287347,-0.0026140969644470324,161464.17264140074,-0.006969130839936234,205145.32196775186
2021-06-29,43314.387696300764,116866.32,160180.70769630076,3,0.729590483652851,-0.0009866600831512917,161464.17264140074,-0.007948914759873454,205258.29310876038
2021-06-30,43314.387696300764,117141.88,160456.26769630075,3,0.7300548721581703,0.0017203070454805403,161464.17264140074,-0.006242282288458295,205432.8848721372
2021-07-01,43314.387696300764,117860.41999999998,161174.80769630073,3,0.7312583255696051,0.004478104908684388,161464.17264140074,-0.0017921309747312554,206567.73133408645
2021-07-02,43314.387696300764,117969.46,161283.84769630077,3,0.7314400151349177,0.0006765325273754286,161464.17264140074,-0.0011168108822534862,208149.3273082058
2021-07-06,81439.15132830077,78891.57999999999,160330.73132830075,2,0.49205526193514254,-0.005909558716597263,161464.17264140074,-0.007019769739366723,207769.33347026803
2021-07-07,81439.15132830077,79155.72,160594.87132830077,2,0.49289070905747423,0.0016474695637678227,161464.17264140074,-0.005383865032589151,208503.64588682345
2021-07-08,120886.46755830078,39076.12,159962.5875583008,1,0.2442828701164772,-0.0039371355060736635,161464.17264140074,-0.009299803532483072,206803.94371983156
2021-07-09,120886.46755830078,39569.64,160456.10755830078,1,0.2466072535482802,0.0030852214104133413,161464.17264140074,-0.006243274075040778,209012.01602136178
2021-07-12,160583.18895830077,0.0,160583.18895830077,0,0.0,0.0007920010146937884,161464.17264140074,-0.005456217739749398,209761.73359350927
2021-07-13,160583.18895830077,0.0,160583.18895830077,0,0.0,0.0,161464.17264140074,-0.005456217739749398,209042.82633254593
2021-07-14,160583.18895830077,0.0,160583.18895830077,0,0.0,0.0,161464.17264140074,-0.005456217739749398,209356.06449625138
2021-07-15,160583.18895830077,0.0,160583.18895830077,0,0.0,0.0,161464.17264140074,-0.005456217739749398,208642.2922871521
2021-07-16,160583.18895830077,0.0,160583.18895830077,0,0.0,0.0,161464.17264140074,-0.005456217739749398,207004.2107425285
2021-07-19,160583.18895830077,0.0,160583.18895830077,0,0.0,0.0,161464.17264140074,-0.005456217739749398,203948.8548834343
2021-07-20,160583.18895830077,0.0,160583.18895830077,0,0.0,0.0,161464.17264140074,-0.005456217739749398,206870.69939406385
2021-07-21,160583.18895830077,0.0,160583.18895830077,0,0.0,0.0,161464.17264140074,-0.005456217739749398,208544.72630173562
2021-07-22,4306.30085830079,156032.31,160338.6108583008,4,0.973142458730003,-0.0015230616703190147,161464.17264140074,-0.006970969253964091,208981.20571017766
2021-07-23,42628.37616510079,118544.49,161172.8661651008,3,0.7355114593455605,0.005203084287273008,161464.17264140074,-0.0018041555072834073,211132.79244120364
2021-07-26,42628.37616510079,118767.24000000002,161395.6161651008,3,0.7358764929433165,0.0013820564546629388,161464.17264140074,-0.00042459249738454707,211651.43267947005
2021-07-27,42628.37616510079,118061.97,160690.34616510078,3,0.7347172547546671,-0.004369821292286913,161464.17264140074,-0.004792558396335815,210686.04292903357
2021-07-28,42628.37616510079,118053.93000000001,160682.3061651008,3,0.7347039809019158,-5.003411960868842e-05,161464.17264140074,-0.004842352724504425,210598.74704734515
2021-07-29,3668.876615100802,157342.62,161011.4966151008,4,0.9772135736128751,0.002048703792325135,161464.17264140074,-0.002803569478569732,211471.7058642292
2021-07-30,3668.876615100802,156537.30000000002,160206.17661510082,4,0.977099031431757,-0.005001630423479009,161464.17264140074,-0.007791177483650403,210444.69549142444
2021-08-02,3668.876615100802,156139.8,159808.6766151008,4,0.977042068723607,-0.002481177744819596,161464.17264140074,-0.010253023932291647,210003.08103111837
2021-08-03,41809.184456100804,118563.26999999999,160372.4544561008,3,0.7392994663709823,0.0035278299835863614,161464.17264140074,-0.006761364873956092,211713.05330183834
2021-08-04,41809.184456100804,118075.68,159884.8644561008,3,0.7385044256795161,-0.003040360027248057,161464.17264140074,-0.009781167917711784,210670.63777344147
2021-08-05,160619.4387861008,0.0,160619.4387861008,0,0.0,0.0045943956765319705,161464.17264140074,-0.005231710796772423,212005.7512580877
2021-08-06,121492.45553610081,39043.26,160535.71553610082,1,0.2432060670712248,-0.0005212522882207526,161464.17264140074,-0.005750236043769004,212354.93478484132
2021-08-09,121492.45553610081,38829.36,160321.81553610082,1,0.2421963590554307,-0.0013324137827254168,161464.17264140074,-0.007074988132735819,212185.4780733285
2021-08-10,121492.45553610081,38905.619999999995,160398.0755361008,1,0.2425566508199377,0.0004756682660120859,161464.17264140074,-0.0066026852140608034,212447.36571839373
2021-08-11,121492.45553610081,39095.34,160587.7955361008,1,0.24345150183726882,0.0011828072086643715,161464.17264140074,-0.00542768770906411,212976.2760603882
2021-08-12,121492.45553610081,39004.2,160496.6555361008,1,0.24302188646682868,-0.0005675400157013621,161464.17264140074,-0.0059921472947978985,213613.02249152714
2021-08-13,82627.0678261008,77593.54999999999,160220.6178261008,2,0.48429191606424815,-0.0017198969603320347,161464.17264140074,-0.007701738379211791,214003.28643319296
2021-08-16,120931.34564110081,38962.049999999996,159893.3956411008,1,0.24367516771896458,-0.0020423225764560904,161464.17264140074,-0.009728331521498075,214506.5215158673
2021-08-17,120931.34564110081,38618.700000000004,159550.04564110082,1,0.2420475647300702,-0.00214736824259254,161464.17264140074,-0.011854809453927891,213099.51730512475
2021-08-18,120931.34564110081,38247.01,159178.35564110082,1,0.2402777051311893,-0.002329613874483605,161464.17264140074,-0.014156806199828275,210768.20375885794
2021-08-19,158948.4223211008,0.0,158948.4223211008,0,0.0,-0.0014445011639550032,161464.17264140074,-0.015580857840749725,211091.71202629144
2021-08-20,158948.4223211008,0.0,158948.4223211008,0,0.0,0.0,161464.17264140074,-0.015580857840749725,212770.87398582723
2021-08-23,81631.89888110082,77923.56,159555.4588811008,2,0.48837915384686326,0.003819078863039671,161464.17264140074,-0.011821283502557758,214645.16791619593
2021-08-24,4230.638356100826,155684.09000000003,159914.72835610085,4,0.9735444108270005,0.0022516902744629252,161464.17264140074,-0.009596211097189252,214984.0813392215
2021-08-25,4230.638356100826,155996.59,160227.22835610082,4,0.9735960086215912,0.001954166468669971,161464.17264140074,-0.0076607972224716145,215435.96590325562
2021-08-26,4230.638356100826,154879.99,159110.62835610082,4,0.9734107117807846,-0.006968852993689656,161464.17264140074,-0.014576263246503377,214162.4730409777
2021-08-27,4230.638356100826,156961.03,161191.66835610082,4,0.973753988656817,0.013079201694449205,161464.17264140074,-0.0016877074390064743,216077.8473862586
2021-08-30,4230.638356100826,157358.56,161589.19835610082,4,0.9738185571861209,0.0024661944631143573,161589.19835610082,0.0,217027.83198110297
2021-08-31,4230.638356100826,157328.51,161559.14835610084,4,0.9738136874380159,-0.00018596540056947664,161589.19835610082,-0.0001859654005694485,216709.4587655335
2021-09-01,4230.638356100826,157641.8,161872.4383561008,4,0.9738643687642864,0.0019391659536942552,161872.4383561008,0.0,216822.42990654203
2021-09-02,4230.638356100826,158164.01,162394.64835610084,4,0.9739484127160162,0.0032260587738304203,162394.64835610084,0.0,217489.98664886513
2021-09-03,4230.638356100826,158012.97,162243.60835610083,4,0.9739241601011782,-0.0009300799104463575,162394.64835610084,-0.0009300799104463462,217438.63613022488
2021-09-07,83406.94489610083,78138.97,161545.91489610082,2,0.48369511572146856,-0.004300283179530129,162394.64835610084,-0.005226363482981934,216658.10824689327
2021-09-08,160994.38100610086,0.0,160994.38100610086,0,0.0,-0.0034140998882867812,162394.64835610084,-0.008622620044285313,216396.22060182807
2021-09-09,160994.38100610086,0.0,160994.38100610086,0,0.0,0.0,162394.64835610084,-0.008622620044285313,215471.91126630377
2021-09-10,160994.38100610086,0.0,160994.38100610086,0,0.0,0.0,162394.64835610084,-0.008622620044285313,213772.20909931188
2021-09-13,160994.38100610086,0.0,160994.38100610086,0,0.0,0.0,162394.64835610084,-0.008622620044285313,214316.5245968984
2021-09-14,160994.38100610086,0.0,160994.38100610086,0,0.0,0.0,162394.64835610084,-0.008622620044285313,213161.13792749305
2021-09-15,160994.38100610086,0.0,160994.38100610086,0,0.0,0.0,162394.64835610084,-0.008622620044285313,214943.0009243093
2021-09-16,160994.38100610086,0.0,160994.38100610086,0,0.0,0.0,162394.64835610084,-0.008622620044285313,214604.08750128374
2021-09-17,160994.38100610086,0.0,160994.38100610086,0,0.0,0.0,162394.64835610084,-0.008622620044285313,212508.986340762
2021-09-20,160994.38100610086,0.0,160994.38100610086,0,0.0,0.0,162394.64835610084,-0.008622620044285313,208965.80055458558
2021-09-21,160994.38100610086,0.0,160994.38100610086,0,0.0,0.0,162394.64835610084,-0.008622620044285313,208770.66858375267
2021-09-22,160994.38100610086,0.0,160994.38100610086,0,0.0,0.0,162394.64835610084,-0.008622620044285313,210809.2841737701
2021-09-23,160994.38100610086,0.0,160994.38100610086,0,0.0,0.0,162394.64835610084,-0.008622620044285313,213366.54000205398
2021-09-24,43758.81852610085,117553.6,161312.41852610087,3,0.7287324873935819,0.0019754572675922955,162394.64835610084,-0.006664196394125264,213720.85858067163
2021-09-27,4604.436391100855,157268.25,161872.68639110087,4,0.9715551987567804,0.0034731849545071025,162394.64835610084,-0.003214157426268147,213109.7874088528
2021-09-28,42936.300198800855,115786.54999999999,158722.85019880085,3,0.7294888534006099,-0.019458725635093876,162394.64835610084,-0.02261033965385623,208811.74899866484
2021-09-29,42936.300198800855,115866.73999999999,158803.04019880085,3,0.729625452100601,0.0005052202622342072,162394.64835610084,-0.022116542593351128,209166.0675772825
2021-09-30,119413.16189640088,38347.619999999995,157760.78189640088,1,0.24307447984875163,-0.006563213784164357,162394.64835610084,-0.02853460078030874,206608.81174899865
2021-10-01,157708.33026840087,0.0,157708.33026840087,0,0.0,-0.0003324757101829112,162394.64835610084,-0.02885758942883239,209063.36654000203
2021-10-04,157708.33026840087,0.0,157708.33026840087,0,0.0,0.0,162394.64835610084,-0.02885758942883239,206367.4643113895
2021-10-05,157708.33026840087,0.0,157708.33026840087,0,0.0,0.0,162394.64835610084,-0.02885758942883239,208513.91599055147
2021-10-06,157708.33026840087,0.0,157708.33026840087,0,0.0,0.0,162394.64835610084,-0.02885758942883239,209381.7397555715
2021-10-07,119430.20106840087,38342.399999999994,157772.60106840087,1,0.24302318488985927,0.00040752951914857505,162394.64835610084,-0.02846182022922758,211194.4130635719
2021-10-08,4597.359298400901,152347.85,156945.2092984009,4,0.9707072339515639,-0.005244204408097808,162394.64835610084,-0.03355676503421674,210809.2841737701
2021-10-11,4597.359298400901,151283.89,155881.24929840091,4,0.9705072975800941,-0.006779181121591815,162394.64835610084,-0.04010845876778688,209279.03871829103
2021-10-12,41949.1793756009,113726.53,155675.7093756009,3,0.7305348435934244,-0.001318567330741205,162394.64835610084,-0.04137414039511054,208765.53353188865
2021-10-13,41949.1793756009,114055.69,156004.8693756009,3,0.7311033973266368,0.0021143953756190825,162394.64835610084,-0.039347226310613194,209515.2511040361
2021-10-14,3835.8324956008873,154239.38,158075.2124956009,4,0.9757341303861436,0.013271016015630854,162394.64835610084,-0.0265983879655211,213043.03173462048
2021-10-15,3835.8324956008873,155076.84,158912.67249560088,4,0.9758620100249898,0.005297857815774298,162394.64835610084,-0.021441444627316997,214665.70812365203
2021-10-18,3835.8324956008873,155516.89,159352.7224956009,4,0.9759286666990783,0.002769130951543186,162394.64835610084,-0.018731687843737094,215297.31950292696
2021-10-19,3835.8324956008873,156475.72999999998,160311.56249560087,4,0.9760726398277969,0.0060170920520448146,162394.64835610084,-0.01282730608173831,216961.07630687067
2021-10-20,3835.8324956008873,157007.69,160843.5224956009,4,0.9761517751160554,0.0033182884111344624,162394.64835610084,-0.009551582371720891,217813.49491629863
2021-10-21,43090.39509560089,118168.93,161259.32509560089,3,0.7327881964651953,0.0025851373654874887,162394.64835610084,-0.006991137158722131,218378.35062134123
2021-10-22,121568.8305606009,39183.48,160752.3105606009,1,0.2437506488295762,-0.0031440943629115203,162394.64835610084,-0.01011325072670257,218152.4083393242
2021-10-25,121568.8305606009,39585.24,161154.0705606009,1,0.24563599208072276,0.0024992486801522773,162394.64835610084,-0.007639277575081062,219323.20016432164
2021-10-26,121568.8305606009,39709.44,161278.2705606009,1,0.2462169259502261,0.00077069105091776,162394.64835610084,-0.006874474047025972,219523.46718701857
2021-10-27,121568.8305606009,39801.24,161370.0705606009,1,0.24664573710434765,0.0005692025322499017,162394.64835610084,-0.006309184482811465,218547.80733285405
2021-10-28,161792.2085406009,0.0,161792.2085406009,0,0.0,0.002615962046329301,162394.64835610084,-0.003709727023632573,220658.31364896783
2021-10-29,122481.5484906009,39334.02,161815.56849060088,1,0.24307933017140268,0.00014438241625280845,162394.64835610084,-0.003565880226730992,221105.0631611379
2021-11-01,122481.5484906009,40353.33,162834.8784906009,1,0.24781748464490833,0.006299208472386519,162834.8784906009,0.0,221485.05699907566
2021-11-02,122481.5484906009,40437.51,162919.0584906009,1,0.24820613606929798,0.0005169654117120892,162919.0584906009,0.0,222378.55602341582
2021-11-03,122481.5484906009,41160.36,163641.90849060088,1,0.25152701028516866,0.004436865807456725,163641.90849060088,0.0,223739.3447673821
2021-11-04,122481.5484906009,41145.72,163627.2684906009,1,0.2514600431795603,-8.946363517159384e-05,163641.90849060088,-8.946363517158409e-05,224792.030399507
2021-11-05,122481.5484906009,41707.53,164189.0784906009,1,0.2540213416350197,0.00343347417079376,164189.0784906009,0.0,225572.5582828386
2021-11-08,122481.5484906009,41837.46,164319.00849060089,1,0.2546112003979936,0.0007913437434112769,164319.00849060089,0.0,225767.69025367155
2021-11-09,122481.5484906009,41594.07,164075.6184906009,1,0.2535054896189998,-0.0014812041664303832,164319.00849060089,-0.001481204166430367,225017.97268152406
2021-11-10,122481.5484906009,40938.93,163420.4784906009,1,0.25051285113177907,-0.003992915010937792,164319.00849060089,-0.005468204855017702,223210.43442538768
2021-11-11,122481.5484906009,41268.33,163749.8784906009,1,0.25202052288770865,0.002015659255452329,164319.00849060089,-0.0034635676372921274,223282.325151484
2021-11-12,163768.5691956009,0.0,163768.5691956009,0,0.0,0.00011414179462154728,164319.00849060089,-0.00334982118049644,224966.62216288384
2021-11-15,84251.8211756009,79243.29999999999,163495.12117560089,2,0.48468296442246267,-0.0016697222265733558,164319.00849060089,-0.00501395013618967,225043.64794084418
2021-11-16,84251.8211756009,79682.92000000001,163934.7411756009,2,0.4860648781861715,0.0026888875755983754,164319.00849060089,-0.002338544508817163,225932.0119133203
2021-11-17,44351.68137560089,119312.72,163664.4013756009,3,0.7290083793248588,-0.0016490696118550696,164319.00849060089,-0.003983757697986812,225387.69641573378
2021-11-18,44351.68137560089,119807.62,164159.3013756009,3,0.7298253525450681,0.0030238707736096604,164319.00849060089,-0.0009719332928492734,226152.81914347335
2021-11-19,44351.68137560089,119658.6,164010.2813756009,3,0.7295798714348227,-0.0009077767677569959,164319.00849060089,-0.001878827762143211,225747.15004621545
2021-11-22,44351.68137560089,119106.2,163457.88137560087,3,0.7286659963878549,-0.0033680815334677927,164319.00849060089,-0.0052405812505207944,225110.40361507647
2021-11-23,44351.68137560089,119176.95999999999,163528.64137560088,3,0.7287834045307592,0.0004328943909250871,164319.00849060089,-0.004809955477824163,225408.23662318985
2021-11-24,44351.68137560089,119412.42,163764.1013756009,3,0.7291733597103911,0.0014398700925986052,164319.00849060089,-0.0033770110962647445,226009.03769128065
2021-11-26,121794.0063176009,39457.6,161251.6063176009,1,0.24469585699682503,-0.015342160075958677,164319.00849060089,-0.01866736052740628,220971.55181267328
2021-11-29,121794.0063176009,40313.52,162107.5263176009,1,0.24868382681392467,0.005307978131480873,164319.00849060089,-0.013458468337377379,223682.85919687786
2021-11-30,161495.3854376009,0.0,161495.3854376009,0,0.0,-0.0037761410213655866,164319.00849060089,-0.01718378828436943,219328.33521618566
2021-12-01,161495.3854376009,0.0,161495.3854376009,0,0.0,0.0,164319.00849060089,-0.01718378828436943,216894.32063263835
2021-12-02,161495.3854376009,0.0,161495.3854376009,0,0.0,0.0,164319.00849060089,-0.01718378828436943,220216.6991886618
2021-12-03,161495.3854376009,0.0,161495.3854376009,0,0.0,0.0,164319.00849060089,-0.01718378828436943,218296.18979151687
2021-12-06,161495.3854376009,0.0,161495.3854376009,0,0.0,0.0,164319.00849060089,-0.01718378828436943,220884.25593098486
2021-12-07,122127.1114376009,39548.4,161675.51143760092,1,0.2446158954336372,0.0011153631387790242,164319.00849060089,-0.01608759130962733,225454.4520899661
2021-12-08,4194.490537600912,157839.55000000002,162034.04053760093,4,0.9741135225432612,0.002217584449320853,164319.00849060089,-0.013905682452621766,226050.11810619282
2021-12-09,4194.490537600912,156110.5,160304.9905376009,4,0.9738343109373313,-0.01067090590510078,164319.00849060089,-0.024428202128724364,224525.00770257777
2021-12-10,42761.120311000916,118475.35,161236.4703110009,3,0.7347925055136649,0.005810672333257827,164319.00849060089,-0.018759474073727102,226635.51401869158
2021-12-13,42761.120311000916,117207.18,159968.3003110009,3,0.7326900377895667,-0.007865280091742921,164319.00849060089,-0.026477205647506365,224637.9788435863
2021-12-14,81053.67420100092,78038.67000000001,159092.34420100093,2,0.49052435798798816,-0.005475810571825668,164319.00849060089,-0.03180803205673506,223082.0581287871
2021-12-15,81053.67420100092,79046.18000000001,160099.85420100094,2,0.49373049335047936,0.006332862873194456,164319.00849060089,-0.02567660508882198,226568.75834445926
2021-12-16,80242.39723100093,78657.97,158900.3672310009,2,0.49501440034843486,-0.007492117816010668,164319.00849060089,-0.032976350754392,224571.22316935397
2021-12-17,80242.39723100093,77675.32,157917.71723100095,2,0.49187210505567963,-0.00618406374461955,164319.00849060089,-0.038956486643881454,222183.4240525829
2021-12-20,156821.37306600093,0.0,156821.37306600093,0,0.0,-0.00694250261606999,164319.00849060089,-0.04562853374951335,219821.30019513195
2021-12-21,156821.37306600093,0.0,156821.37306600093,0,0.0,0.0,164319.00849060089,-0.04562853374951335,223723.93961179006
2021-12-22,118696.94584100094,38526.25,157223.19584100094,1,0.24504176876649558,0.002562295987747154,164319.00849060089,-0.0431831515707194,225962.82222450446
2021-12-23,4763.128151000943,153212.05,157975.17815100093,4,0.9698488825475601,0.004782896734655262,164319.00849060089,-0.03860679539070383,227369.82643524697
2021-12-27,4763.128151000943,155123.84,159886.96815100094,4,0.9702094035174741,0.012101837911349778,164319.00849060089,-0.026972170659449058,230584.3689021259
2021-12-28,4763.128151000943,154786.18,159549.30815100094,4,0.9701463565953353,-0.002111866926397088,164319.00849060089,-0.029027075950697315,230394.371983157
2021-12-29,4763.128151000943,154962.37,159725.49815100094,4,0.9701792875518348,0.001104298113491442,164319.00849060089,-0.02795483238241848,230692.20499127038
2021-12-30,4763.128151000943,154648.13999999998,159411.26815100093,4,0.9701205052425208,-0.001967312693574752,164319.00849060089,-0.029867149179400518,230055.45856013143
2021-12-31,4763.128151000943,154147.78999999998,158910.91815100092,4,0.9700264260856205,-0.003138736714182966,164319.00849060089,-0.03291214077590608,229475.19769949673
2022-01-03,4763.128151000943,155490.0,160253.12815100094,4,0.9702774716103338,0.008446304480631328,164319.00849060089,-0.02474382225737756,230800.04108041487
2022-01-04,4763.128151000943,155149.26,159912.38815100095,4,0.9702141390915677,-0.002126261146546349,164319.00849060089,-0.026817471576041023,230723.01530245453
2022-01-05,41893.01667200094,114559.59,156452.60667200093,3,0.7322319035576785,-0.02163548127198911,164319.00849060089,-0.04787274394398455,226296.60059566598
2022-01-06,80105.07562200094,76327.27,156432.34562200092,2,0.4879251135467549,-0.00012950279596479763,164319.00849060089,-0.047996047085758074,226080.92841737697
2022-01-07,156235.56583200092,0.0,156235.56583200092,0,0.0,-0.0012579226452020809,164319.00849060089,-0.04919359441645083,225187.42939303684
2022-01-10,156235.56583200092,0.0,156235.56583200092,0,0.0,0.0,164319.00849060089,-0.04919359441645083,224910.13659237957
2022-01-11,156235.56583200092,0.0,156235.56583200092,0,0.0,0.0,164319.00849060089,-0.04919359441645083,226948.752182397
2022-01-12,156235.56583200092,0.0,156235.56583200092,0,0.0,0.0,164319.00849060089,-0.04919359441645083,227570.0934579439
2022-01-13,156235.56583200092,0.0,156235.56583200092,0,0.0,0.0,164319.00849060089,-0.04919359441645083,224432.57676902536
2022-01-14,156235.56583200092,0.0,156235.56583200092,0,0.0,0.0,164319.00849060089,-0.04919359441645083,224525.00770257777
2022-01-18,156235.56583200092,0.0,156235.56583200092,0,0.0,0.0,164319.00849060089,-0.04919359441645083,220550.47755982334
2022-01-19,156235.56583200092,0.0,156235.56583200092,0,0.0,0.0,164319.00849060089,-0.04919359441645083,218260.24442846872
2022-01-20,156235.56583200092,0.0,156235.56583200092,0,0.0,0.0,164319.00849060089,-0.04919359441645083,215846.77005237748
2022-01-21,156235.56583200092,0.0,156235.56583200092,0,0.0,0.0,164319.00849060089,-0.04919359441645083,211605.21721269382
2022-01-24,156235.56583200092,0.0,156235.56583200092,0,0.0,0.0,164319.00849060089,-0.04919359441645083,212503.85128889797
2022-01-25,156235.56583200092,0.0,156235.56583200092,0,0.0,0.0,164319.00849060089,-0.04919359441645083,209910.65009756596
2022-01-26,156235.56583200092,0.0,156235.56583200092,0,0.0,0.0,164319.00849060089,-0.04919359441645083,209386.87480743552
2022-01-27,156235.56583200092,0.0,156235.56583200092,0,0.0,0.0,164319.00849060089,-0.04919359441645083,208349.59433090274
2022-01-28,156235.56583200092,0.0,156235.56583200092,0,0.0,0.0,164319.00849060089,-0.04919359441645083,213525.72660983872
2022-01-31,118209.74772200095,38588.13,156797.87772200094,1,0.24610109881981868,0.0035991285787300153,164319.00849060089,-0.045771519909275506,217371.8804559926
2022-02-01,4609.812127000958,153067.75,157677.56212700094,4,0.9707643112639706,0.00561030810990748,164319.00849060089,-0.04041800412871792,218840.5052891034
2022-02-02,4609.812127000958,153595.02,158204.83212700096,4,0.9708617488794502,0.0033439761046998306,164319.00849060089,-0.03720918486402416,220966.41676080925
2022-02-03,78857.60849220095,75974.32999999999,154831.93849220092,2,0.4906890060271829,-0.02131978896885023,164319.00849060089,-0.057735681863870486,215769.74427441714
2022-02-04,78857.60849220095,76138.65,154996.25849220093,2,0.4912289544320267,0.0010612797437028476,164319.00849060089,-0.0567356758298187,216786.48454349386
2022-02-07,41228.343532200946,113265.87000000001,154494.21353220096,3,0.7331398853743619,-0.003239077929260037,164319.00849060089,-0.059790982483696714,216093.25254185064
2022-02-08,3494.4865322009427,152728.69,156223.17653220095,4,0.9776314461799421,0.011191118168575542,164319.00849060089,-0.04926899226551154,217869.98048680287
2022-02-09,3494.4865322009427,155151.40999999997,158645.89653220092,4,0.9779730417956846,0.01550807027343093,164319.00849060089,-0.03452498898643532,221058.8476943617
2022-02-10,3494.4865322009427,152431.2,155925.68653220095,4,0.9775887693046695,-0.01714642521149501,164319.00849060089,-0.051079434056346754,217084.31755160724
2022-02-11,77298.19892310095,76247.63,153545.82892310095,2,0.4965789727716176,-0.015262768194440612,164319.00849060089,-0.06556258868928216,212806.8193488754
2022-02-14,115296.71486310095,37944.0,153240.71486310096,1,0.24761043456301826,-0.001987120471717896,164319.00849060089,-0.0674194283988368,212108.45229536816
2022-02-15,115296.71486310095,38960.0,154256.71486310096,1,0.25256599062527707,0.006630091754059375,164319.00849060089,-0.06123633364106801,215528.39683680804
2022-02-16,115296.71486310095,39042.0,154338.71486310096,1,0.2529631015434488,0.0005315813971065175,164319.00849060089,-0.060737304339752024,215769.74427441714
2022-02-17,114519.14675550096,38042.0,152561.14675550096,1,0.24935575543993022,-0.011517318316254688,164319.00849060089,-0.07155509178825456,211163.6027523878
2022-02-18,114519.14675550096,37714.0,152233.14675550096,1,0.24773842493430032,-0.002149957620111942,164319.00849060089,-0.0735512089935185,209797.67895655744
2022-02-22,151459.38689550094,0.0,151459.38689550094,0,0.0,-0.005082729198541358,164319.00849060089,-0.07826009731452051,207543.391188251
2022-02-23,151459.38689550094,0.0,151459.38689550094,0,0.0,0.0,164319.00849060089,-0.07826009731452051,203918.04457225016
2022-02-24,151459.38689550094,0.0,151459.38689550094,0,0.0,0.0,164319.00849060089,-0.07826009731452051,206778.26846051143
2022-02-25,151459.38689550094,0.0,151459.38689550094,0,0.0,0.0,164319.00849060089,-0.07826009731452051,211497.38112354933
2022-02-28,41132.69710550095,111642.0,152774.69710550096,3,0.7307623717486664,0.008684243591369656,164319.00849060089,-0.07025548347171448,210953.0656259628
2022-03-01,41132.69710550095,109805.57,150938.26710550097,3,0.7274866215553506,-0.012020511477314977,164319.00849060089,-0.08143148810361339,207743.6582109479
2022-03-02,41132.69710550095,111963.39000000001,153096.08710550098,3,0.7313275741844678,0.014296043285641824,164319.00849060089,-0.06829959289671507,211564.13679778163
2022-03-03,4238.78466050094,147397.91999999998,151636.70466050092,4,0.9720464469998135,-0.009532460774091311,164319.00849060089,-0.07718099048063204,210511.45116565673
2022-03-04,76519.10605040095,73030.94,149550.04605040094,2,0.48833779680273265,-0.013760907128467337,164319.00849060089,-0.08987981716701228,208801.47889493682
2022-03-07,148365.70447020093,0.0,148365.70447020093,0,0.0,-0.007919366202006173,164319.00849060089,-0.0970873921827035,202644.55170997223
2022-03-08,148365.70447020093,0.0,148365.70447020093,0,0.0,0.0,164319.00849060089,-0.0970873921827035,201109.1712026291
2022-03-09,148365.70447020093,0.0,148365.70447020093,0,0.0,0.0,164319.00849060089,-0.0970873921827035,206500.97565985413
2022-03-10,112327.13967520095,36477.0,148804.13967520095,1,0.24513430929824528,0.002955098056964145,164319.00849060089,-0.09441919688973413,205566.3962206018
2022-03-11,112327.13967520095,35894.14,148221.27967520093,1,0.24216590275468716,-0.003916960921061974,164319.00849060089,-0.09796632150638099,202952.6548218137
2022-03-14,147607.72327610097,0.0,147607.72327610097,0,0.0,-0.004139462298830887,164319.00849060089,-0.10170025591078108,201468.62483311078
2022-03-15,147607.72327610097,0.0,147607.72327610097,0,0.0,0.0,164319.00849060089,-0.10170025591078108,205900.17459176338
2022-03-16,75804.35504110096,72475.32,148279.67504110097,2,0.48877447283257736,0.004552280531711084,164319.00849060089,-0.0976109434741226,210465.23569888054
2022-03-17,4079.6013311009738,146470.16999999998,150549.77133110096,4,0.9729019759045081,0.015309558031947113,164319.00849060089,-0.08379576584584572,213099.51730512475
2022-03-18,4079.6013311009738,148271.81,152351.41133110097,4,0.9732224250799036,0.011967072311506177,164319.00849060089,-0.07283148352361477,215435.96590325562
2022-03-21,4079.6013311009738,147645.04,151724.64133110098,4,0.973111807710929,-0.004113975673240344,164319.00849060089,-0.076645832245393,215369.2102290233
2022-03-22,4079.6013311009738,149464.78999999998,153544.39133110095,4,0.9734304763870939,0.011993767024492952,164319.00849060089,-0.06557133747624971,217890.52069425897
2022-03-23,4079.6013311009738,147291.13,151370.73133110098,4,0.9730489421883187,-0.014156557469512054,164319.00849060089,-0.07879963053842644,215086.78237650197
2022-03-24,4079.6013311009738,149486.02000000002,153565.621331101,4,0.9734341495463689,0.014500095102262689,164319.00849060089,-0.06544213757299412,218327.00010270101
2022-03-25,4079.6013311009738,149845.99,153925.59133110096,4,0.9734962763772947,0.002344079338069127,164319.00849060089,-0.06325145979744899,219395.09089041798
2022-03-28,4079.6013311009738,150811.67,154891.271331101,4,0.9736615156164593,0.0062736806248337995,164319.00849060089,-0.057374598630438846,220920.20129403306
2022-03-29,4079.6013311009738,153301.32,157380.92133110098,4,0.9740781709968629,0.016073533250805516,164319.00849060089,-0.04222327789847129,223677.72414501384
2022-03-30,79800.98619110098,76071.93,155872.91619110096,2,0.4880381522261086,-0.009581880238376916,164319.00849060089,-0.05140057974475331,222347.74571223167
2022-03-31,154931.391451101,0.0,154931.391451101,0,0.0,-0.0060403356978684375,164319.00849060089,-0.05713043868589839,218886.7207558796
2022-04-01,154931.391451101,0.0,154931.391451101,0,0.0,0.0,164319.00849060089,-0.05713043868589839,219502.92697956247
2022-04-04,117303.73250110098,37615.54,154919.272501101,1,0.2428073627813652,-7.822139778446147e-05,164319.00849060089,-0.05720419126091285,221387.49101365922
2022-04-05,116391.65213510097,37568.700000000004,153960.35213510098,1,0.2440154200675852,-0.006189806797557651,164319.00849060089,-0.06303991516655494,218588.88774776622
2022-04-06,116391.65213510097,37395.54,153787.19213510098,1,0.2431642029535742,-0.0011247051438805222,164319.00849060089,-0.06409371899357784,216401.3556536921
2022-04-07,116391.65213510097,37527.75,153919.40213510097,1,0.24381429163206111,0.0008596944788734628,164319.00849060089,-0.06328912553105366,217495.12170072916
2022-04-08,116391.65213510097,37679.85,154071.50213510098,1,0.24456080117242965,0.000988179514019194,164319.00849060089,-0.06236348703434435,216909.72578823045
2022-04-11,116391.65213510097,37227.06,153618.71213510097,1,0.24233414980891402,-0.0029388303075215116,164319.00849060089,-0.06511904163608666,213202.21834240522
2022-04-12,116391.65213510097,37121.759999999995,153513.41213510098,1,0.24181444138138644,-0.0006854633692501277,164319.00849060089,-0.06575986828765455,212416.5554072096
2022-04-13,116391.65213510097,37505.52,153897.17213510096,1,0.24370506280047308,0.00249984672129,164319.00849060089,-0.06342441115749586,214845.43493889284
2022-04-14,116391.65213510097,37359.27,153750.92213510096,1,0.24298566461391627,-0.0009503098593105497,164319.00849060089,-0.06431444817356248,212170.07291773646
2022-04-18,116391.65213510097,37339.38,153731.03213510098,1,0.24288772072502335,-0.00012936507777494555,164319.00849060089,-0.06443549320774744,212257.36879942488
2022-04-19,116391.65213510097,37883.43,154275.08213510097,1,0.2455576718917247,0.0035389731822126347,164319.00849060089,-0.06112455550797969,215687.58344459275
2022-04-20,79432.06113010098,74726.83,154158.891130101,2,0.4847390212280067,-0.0007531417477919522,164319.00849060089,-0.06183166180120332,215528.39683680804
2022-04-21,152939.438345101,0.0,152939.438345101,0,0.0,-0.007910362977188612,164319.00849060089,-0.06925291389006165,212303.58426620107
2022-04-22,152939.438345101,0.0,152939.438345101,0,0.0,0.0,164319.00849060089,-0.06925291389006165,206475.300400534
2022-04-25,152939.438345101,0.0,152939.438345101,0,0.0,0.0,164319.00849060089,-0.06925291389006165,207676.9025367156
2022-04-26,152939.438345101,0.0,152939.438345101,0,0.0,0.0,164319.00849060089,-0.06925291389006165,201658.62175207966
2022-04-27,152939.438345101,0.0,152939.438345101,0,0.0,0.0,164319.00849060089,-0.06925291389006165,202228.61250898632
2022-04-28,152939.438345101,0.0,152939.438345101,0,0.0,0.0,164319.00849060089,-0.06925291389006165,207337.98911369
2022-04-29,152939.438345101,0.0,152939.438345101,0,0.0,0.0,164319.00849060089,-0.06925291389006165,199671.35668070245
2022-05-02,152939.438345101,0.0,152939.438345101,0,0.0,0.0,164319.00849060089,-0.06925291389006165,200872.95881688403
2022-05-03,152939.438345101,0.0,152939.438345101,0,0.0,0.0,164319.00849060089,-0.06925291389006165,201797.26815240833
2022-05-04,152939.438345101,0.0,152939.438345101,0,0.0,0.0,164319.00849060089,-0.06925291389006165,207943.92523364484
2022-05-05,149812.257744101,0.0,149812.257744101,0,0.0,-0.020447182458874114,164319.00849060089,-0.08828406938281692,200549.45054945053
2022-05-06,149812.257744101,0.0,149812.257744101,0,0.0,0.0,164319.00849060089,-0.08828406938281692,199352.983465133
2022-05-09,149812.257744101,0.0,149812.257744101,0,0.0,0.0,164319.00849060089,-0.08828406938281692,192970.11399815138
2022-05-10,149812.257744101,0.0,149812.257744101,0,0.0,0.0,164319.00849060089,-0.08828406938281692,193416.86351032145
2022-05-11,149812.257744101,0.0,149812.257744101,0,0.0,0.0,164319.00849060089,-0.08828406938281692,190346.1024956352
2022-05-12,149812.257744101,0.0,149812.257744101,0,0.0,0.0,164319.00849060089,-0.08828406938281692,190145.83547293826
2022-05-13,149812.257744101,0.0,149812.257744101,0,0.0,0.0,164319.00849060089,-0.08828406938281692,194690.35637259934
2022-05-16,149812.257744101,0.0,149812.257744101,0,0.0,0.0,164319.00849060089,-0.08828406938281692,193899.55838553968
2022-05-17,149812.257744101,0.0,149812.257744101,0,0.0,0.0,164319.00849060089,-0.08828406938281692,197889.4936838862
2022-05-18,146756.291764701,0.0,146756.291764701,0,0.0,-0.020398637771149475,164319.00849060089,-0.10688183240166332,189914.75813905717
2022-05-19,146756.291764701,0.0,146756.291764701,0,0.0,0.0,164319.00849060089,-0.10688183240166332,188749.10136592377
2022-05-20,146756.291764701,0.0,146756.291764701,0,0.0,0.0,164319.00849060089,-0.10688183240166332,188831.26219574816
2022-05-23,111017.49182470099,35787.72,146805.211824701,1,0.2437769037977606,0.00033334216483504875,164319.00849060089,-0.10658411845822262,192364.17787819655
2022-05-24,74789.437333501,71615.32,146404.757333501,2,0.4891597875939559,-0.0027277947848211026,164319.00849060089,-0.10902117364056867,190895.55304508575
2022-05-25,74789.437333501,72144.12,146933.557333501,2,0.49099825328703905,0.0036119044874711737,164319.00849060089,-0.1058030432193993,192584.9851083496
2022-05-26,39165.349713501,109618.89000000001,148784.239713501,3,0.7367641237477988,0.012595369046973115,164319.00849060089,-0.09454030254806747,196431.1389545034
2022-05-27,3554.798638501001,148490.02000000002,152044.81863850102,4,0.9766200606483485,0.021914813902860875,164319.00849060089,-0.0746973217818677,201252.9526548218
2022-05-31,3554.798638501001,147509.59,151064.388638501,4,0.9764683214188377,-0.006448296027312006,164319.00849060089,-0.08066394736588285,200123.24124473656
2022-06-01,3554.798638501001,146524.75,150079.548638501,4,0.9763139037213958,-0.006519339262390456,164319.00849060089,-0.08665741098915156,198505.69990756904
2022-06-02,3554.798638501001,149588.65,153143.448638501,4,0.9767877851119039,0.020415173338374393,164319.00849060089,-0.06801136371717541,202259.42282017047
2022-06-03,3554.798638501001,147300.52,150855.318638501,4,0.9764357089257193,-0.014941089679919584,164319.00849060089,-0.08193628951254306,198967.8545753312
2022-06-06,3554.798638501001,147706.62,151261.418638501,4,0.9764989732973707,0.0026919833100027546,164319.00849060089,-0.07946487732639154,199573.79069528598
2022-06-07,3554.798638501001,149281.88,152836.678638501,4,0.9767411941284786,0.010414155930698499,164319.00849060089,-0.06987828101918393,201484.02998870285
2022-06-08,77826.528653501,73400.58,151227.108653501,2,0.4853665500421557,-0.010531307009144508,164319.00849060089,-0.07967367839764412,199296.49789462873
2022-06-09,77826.528653501,71660.16,149486.68865350098,2,0.4793748570222391,-0.011508650899275885,164319.00849060089,-0.09026539274638039,194556.84502413473
2022-06-10,147785.081053501,0.0,147785.081053501,0,0.0,-0.011383004167977662,164319.00849060089,-0.1006209055725019,188913.42302557253
2022-06-13,147785.081053501,0.0,147785.081053501,0,0.0,0.0,164319.00849060089,-0.1006209055725019,181739.75557153125
2022-06-14,147785.081053501,0.0,147785.081053501,0,0.0,0.0,164319.00849060089,-0.1006209055725019,181195.44007394474
2022-06-15,147785.081053501,0.0,147785.081053501,0,0.0,0.0,164319.00849060089,-0.1006209055725019,183778.3711615487
2022-06-16,147785.081053501,0.0,147785.081053501,0,0.0,0.0,164319.00849060089,-0.1006209055725019,177693.3347026805
2022-06-17,147785.081053501,0.0,147785.081053501,0,0.0,0.0,164319.00849060089,-0.1006209055725019,178078.46359248227
2022-06-21,147785.081053501,0.0,147785.081053501,0,0.0,0.0,164319.00849060089,-0.1006209055725019,182561.36386977506
2022-06-22,147785.081053501,0.0,147785.081053501,0,0.0,0.0,164319.00849060089,-0.1006209055725019,182227.5854986135
2022-06-23,147785.081053501,0.0,147785.081053501,0,0.0,0.0,164319.00849060089,-0.1006209055725019,184014.58354729382
2022-06-24,40045.59911350101,110032.47,150078.069113501,3,0.7331682147162,0.015515693760521643,164319.00849060089,-0.0866664149687495,189868.54267228098
2022-06-27,3989.060393501015,145598.15,149587.210393501,4,0.9733328779712686,-0.0032706892012900335,164319.00849060089,-0.08965364526248673,189139.36530758959
2022-06-28,3989.060393501015,142480.64,146469.70039350103,4,0.9727652860435699,-0.0208407523062909,164319.00849060089,-0.10862594815450607,185277.80630584367
2022-06-29,74429.62483190102,71804.23999999999,146233.864831901,2,0.4910233350020566,-0.0016101320680416142,164319.00849060089,-0.11006117810000267,185123.75474992295
2022-06-30,109486.26289670101,35853.75,145340.012896701,1,0.24668877678910558,-0.006112482469279756,164319.00849060089,-0.11550091354759785,183624.31960562797
2022-07-01,109486.26289670101,36206.25,145692.512896701,1,0.2485113976012685,0.0024253472459132563,164319.00849060089,-0.11335569612425779,185565.369210229
2022-07-05,38772.41444170101,108191.64000000001,146964.05444170104,3,0.7361775667594854,0.008727569589671358,164319.00849060089,-0.10561744626089657,185914.55273698262
2022-07-06,3484.2294817010115,143573.83999999997,147058.06948170098,4,0.9763071180386019,0.0006397145230994106,164319.00849060089,-0.10504529675206285,186541.02906439352
2022-07-07,3484.2294817010115,146134.27000000002,149618.49948170103,4,0.9767125756923719,0.017411013275396403,164319.00849060089,-0.08946322853293465,189334.49727842247
2022-07-08,3484.2294817010115,146089.25999999998,149573.489481701,4,0.9767055679868505,-0.00030083178320838844,164319.00849060089,-0.08973714693357186,189180.44572250178
2022-07-11,39771.701356701014,107645.97,147417.671356701,3,0.7302107610934451,-0.014413103100491154,164319.00849060089,-0.10285685928336555,187018.58888774773
2022-07-12,39771.701356701014,106860.71,146632.41135670102,3,0.7287659597989454,-0.005326769801565434,164319.00849060089,-0.10763573427301654,185365.1021875321
2022-07-13,74194.69093670102,71507.83,145702.52093670104,2,0.4907796346987424,-0.006341643101932748,164319.00849060089,-0.1132947899631753,184389.44233336754
2022-07-14,74194.69093670102,71052.63,145247.32093670103,2,0.4891837559672776,-0.003124173810264863,164319.00849060089,-0.11606501115779777,183942.69282119747
2022-07-15,74194.69093670102,72470.14,146664.83093670104,2,0.49412077549305145,0.00975928499650447,164319.00849060089,-0.10743843768330476,187455.06829618977
2022-07-18,38111.97376970103,106819.07999999999,144931.05376970101,3,0.7370337634454663,-0.011821355916936227,164319.00849060089,-0.11798972558922706,185909.41768511862
2022-07-19,112389.30572470103,35584.8,147974.10572470102,1,0.2404799125206668,0.020996548882032506,164319.00849060089,-0.0994705537481064,190931.4984081339
2022-07-20,76577.79422470104,71963.97,148541.76422470104,2,0.4844696060775149,0.0038362015922983606,164319.00849060089,-0.09601594125248335,192148.50569990755
2022-07-21,76577.79422470104,72672.69,149250.48422470104,2,0.4869176162309069,0.004771183402183965,164319.00849060089,-0.0917028675155484,194104.9604601006
2022-07-22,76577.79422470104,71875.73999999999,148453.53422470103,2,0.4841632122493495,-0.005339681168472277,164319.00849060089,-0.09655288460925304,192307.69230769228
2022-07-25,76577.79422470104,71769.9,148347.69422470103,2,0.48379518384216147,-0.0007129503554950123,164319.00849060089,-0.09719699755134185,192538.76964157337
2022-07-26,76577.79422470104,70792.68,147370.47422470103,2,0.4803722073395778,-0.006587362244537598,164319.00849060089,-0.10314408796392731,190258.80661394677
2022-07-27,76577.79422470104,72782.61,149360.40422470105,2,0.4872952130639942,0.0135029083028253,164319.00849060089,-0.09103392482285744,195198.7265071377
2022-07-28,76577.79422470104,73503.0,150080.79422470104,2,0.48975620351496324,0.004823165843312882,164319.00849060089,-0.08664983069633286,197632.74109068498
2022-07-29,76577.79422470104,74563.5,151141.29422470104,2,0.493336386872186,0.0070661939489220504,164319.00849060089,-0.08019592125675234,200528.91034199443
2022-08-01,113254.84622470103,37775.76,151030.60622470104,1,0.2501198991666484,-0.0007323478376163317,164319.00849060089,-0.08086953778485065,199938.3793776317
2022-08-02,113254.84622470103,37662.6,150917.44622470104,1,0.24955762863840236,-0.0007492521074281555,164319.00849060089,-0.08155819822066673,198618.67104857758
2022-08-03,151923.30701470104,0.0,151923.30701470104,0,0.0,0.006664973567750199,164319.00849060089,-0.07543680788829055,201730.512478176
2022-08-04,151923.30701470104,0.0,151923.30701470104,0,0.0,0.0,164319.00849060089,-0.07543680788829055,201591.86607784734
2022-08-05,151923.30701470104,0.0,151923.30701470104,0,0.0,0.0,164319.00849060089,-0.07543680788829055,201252.9526548218
2022-08-08,151923.30701470104,0.0,151923.30701470104,0,0.0,0.0,164319.00849060089,-0.07543680788829055,201016.7402690767
2022-08-09,151923.30701470104,0.0,151923.30701470104,0,0.0,0.0,164319.00849060089,-0.07543680788829055,200220.807230153
2022-08-10,151923.30701470104,0.0,151923.30701470104,0,0.0,0.0,164319.00849060089,-0.07543680788829055,204426.41470678852
2022-08-11,151923.30701470104,0.0,151923.30701470104,0,0.0,0.0,164319.00849060089,-0.07543680788829055,204426.41470678852
2022-08-12,151923.30701470104,0.0,151923.30701470104,0,0.0,0.0,164319.00849060089,-0.07543680788829055,207887.43966314057
2022-08-15,151923.30701470104,0.0,151923.30701470104,0,0.0,0.0,164319.00849060089,-0.07543680788829055,208739.85827256853
2022-08-16,151923.30701470104,0.0,151923.30701470104,0,0.0,0.0,164319.00849060089,-0.07543680788829055,209150.66242169045
2022-08-17,151923.30701470104,0.0,151923.30701470104,0,0.0,0.0,164319.00849060089,-0.07543680788829055,207666.63243298756
2022-08-18,151923.30701470104,0.0,151923.30701470104,0,0.0,0.0,164319.00849060089,-0.07543680788829055,208272.56855294234
2022-08-19,151923.30701470104,0.0,151923.30701470104,0,0.0,0.0,164319.00849060089,-0.07543680788829055,205473.96528704936
2022-08-22,151923.30701470104,0.0,151923.30701470104,0,0.0,0.0,164319.00849060089,-0.07543680788829055,201191.3320324535
2022-08-23,151923.30701470104,0.0,151923.30701470104,0,0.0,0.0,164319.00849060089,-0.07543680788829055,200708.63715723527
2022-08-24,151923.30701470104,0.0,151923.30701470104,0,0.0,0.0,164319.00849060089,-0.07543680788829055,201350.51864023824
2022-08-25,151923.30701470104,0.0,151923.30701470104,0,0.0,0.0,164319.00849060089,-0.07543680788829055,204190.2023210434
2022-08-26,151923.30701470104,0.0,151923.30701470104,0,0.0,0.0,164319.00849060089,-0.07543680788829055,197278.42251206737
2022-08-29,151923.30701470104,0.0,151923.30701470104,0,0.0,0.0,164319.00849060089,-0.07543680788829055,195974.1193386053
2022-08-30,151923.30701470104,0.0,151923.30701470104,0,0.0,0.0,164319.00849060089,-0.07543680788829055,193822.5326075793
2022-08-31,151923.30701470104,0.0,151923.30701470104,0,0.0,0.0,164319.00849060089,-0.07543680788829055,192348.77272260448
2022-09-01,151923.30701470104,0.0,151923.30701470104,0,0.0,0.0,164319.00849060089,-0.07543680788829055,192954.70884255928
2022-09-02,151923.30701470104,0.0,151923.30701470104,0,0.0,0.0,164319.00849060089,-0.07543680788829055,190916.09325254185
2022-09-06,151923.30701470104,0.0,151923.30701470104,0,0.0,0.0,164319.00849060089,-0.07543680788829055,190197.18599157847
2022-09-07,151923.30701470104,0.0,151923.30701470104,0,0.0,0.0,164319.00849060089,-0.07543680788829055,193611.99548115436
2022-09-08,151923.30701470104,0.0,151923.30701470104,0,0.0,0.0,164319.00849060089,-0.07543680788829055,194880.35329156823
2022-09-09,114874.55713970104,37384.770000000004,152259.32713970105,1,0.24553352955315974,0.002211774688182011,164319.00849060089,-0.07339188242235316,197910.0338913423
2022-09-12,4116.371849701041,149109.53,153225.90184970104,4,0.973135274127877,0.006348213460270591,164319.00849060089,-0.06750957629795079,200035.94536304814
2022-09-13,148753.08854340104,0.0,148753.08854340104,0,0.0,-0.02919097393003023,164319.00849060089,-0.09472987994624019,191337.1675053918
2022-09-14,148753.08854340104,0.0,148753.08854340104,0,0.0,0.0,164319.00849060089,-0.09472987994624019,192066.34487008315
2022-09-15,148753.08854340104,0.0,148753.08854340104,0,0.0,0.0,164319.00849060089,-0.09472987994624019,189883.94782787302
2022-09-16,148753.08854340104,0.0,148753.08854340104,0,0.0,0.0,164319.00849060089,-0.09472987994624019,188435.86320221832
2022-09-19,148753.08854340104,0.0,148753.08854340104,0,0.0,0.0,164319.00849060089,-0.09472987994624019,189899.3529834651
2022-09-20,148753.08854340104,0.0,148753.08854340104,0,0.0,0.0,164319.00849060089,-0.09472987994624019,187716.955941255
2022-09-21,148753.08854340104,0.0,148753.08854340104,0,0.0,0.0,164319.00849060089,-0.09472987994624019,184445.9279038718
2022-09-22,148753.08854340104,0.0,148753.08854340104,0,0.0,0.0,164319.00849060089,-0.09472987994624019,182895.14224093664
2022-09-23,148753.08854340104,0.0,148753.08854340104,0,0.0,0.0,164319.00849060089,-0.09472987994624019,179829.51627811437
2022-09-26,148753.08854340104,0.0,148753.08854340104,0,0.0,0.0,164319.00849060089,-0.09472987994624019,178052.78833316214
2022-09-27,148753.08854340104,0.0,148753.08854340104,0,0.0,0.0,164319.00849060089,-0.09472987994624019,177595.76871726403
2022-09-28,148753.08854340104,0.0,148753.08854340104,0,0.0,0.0,164319.00849060089,-0.09472987994624019,181092.73903666425
2022-09-29,148753.08854340104,0.0,148753.08854340104,0,0.0,0.0,164319.00849060089,-0.09472987994624019,177308.2058128787
2022-09-30,148753.08854340104,0.0,148753.08854340104,0,0.0,0.0,164319.00849060089,-0.09472987994624019,174566.08811748997
2022-10-03,148753.08854340104,0.0,148753.08854340104,0,0.0,0.0,164319.00849060089,-0.09472987994624019,179177.36469138338
2022-10-04,112482.26274340105,36964.4,149446.66274340104,1,0.24734175605826433,0.004662586886709619,164319.00849060089,-0.09050897935554757,184728.3557563931
2022-10-05,3784.3718684010382,146542.75,150327.12186840104,4,0.9748257545187757,0.005891460597629683,164319.00849060089,-0.0851507488435228,184297.0113998151
2022-10-06,3784.3718684010382,145239.08000000002,149023.45186840105,4,0.9746055280497534,-0.008672220846090872,164319.00849060089,-0.09308452359043258,182397.0422101263
2022-10-07,145705.93712690106,0.0,145705.93712690106,0,0.0,-0.022261695725781516,164319.00849060089,-0.11327399997526459,177308.2058128787
2022-10-10,145705.93712690106,0.0,145705.93712690106,0,0.0,0.0,164319.00849060089,-0.11327399997526459,175957.68717264044
2022-10-11,145705.93712690106,0.0,145705.93712690106,0,0.0,0.0,164319.00849060089,-0.11327399997526459,174843.38091814725
2022-10-12,145705.93712690106,0.0,145705.93712690106,0,0.0,0.0,164319.00849060089,-0.11327399997526459,174263.12005751257
2022-10-13,145705.93712690106,0.0,145705.93712690106,0,0.0,0.0,164319.00849060089,-0.11327399997526459,178864.1265276779
2022-10-14,143470.3232911011,0.0,143470.3232911011,0,0.0,-0.01534332697680596,164319.00849060089,-0.12687932693247936,174786.895347643
2022-10-17,143470.3232911011,0.0,143470.3232911011,0,0.0,0.0,164319.00849060089,-0.12687932693247936,179280.06572866385
2022-10-18,107797.36535030107,34584.16,142381.52535030106,1,0.24289780513948453,-0.007589011551823566,164319.00849060089,-0.1335054498065247,181385.43699291363
2022-10-19,107412.34442570107,34641.64,142053.98442570108,1,0.24386250156973752,-0.002300445396930084,164319.00849060089,-0.13549877320598225,180101.67402690765
2022-10-20,107412.34442570107,34464.78999999999,141877.13442570105,1,0.24291997536818516,-0.0012449492403540097,164319.00849060089,-0.13657503335156457,178591.96877888465
2022-10-21,107412.34442570107,35273.06,142685.40442570107,1,0.2472086065282685,0.0056969715611454586,164319.00849060089,-0.13165612587138553,182931.08760398478
2022-10-24,72812.86885570108,70264.95000000001,143077.81885570107,2,0.4910960382396145,0.0027502072239233843,164319.00849060089,-0.12926800027590732,185169.97021669918
2022-10-25,72812.86885570108,71947.16,144760.0288557011,2,0.49700984842796614,0.011757308110047271,164319.00849060089,-0.1190305358738735,188122.62503851287
2022-10-26,72812.86885570108,71318.38,144131.24885570107,2,0.4948155279734054,-0.004343602339474506,164319.00849060089,-0.12285711689925738,186705.35072404228
2022-10-27,72812.86885570108,70679.6,143492.4688557011,2,0.4925666173538127,-0.004431932735415978,164319.00849060089,-0.12674455515650873,185709.15066242166
2022-10-28,72812.86885570108,72559.48000000001,145372.3488557011,2,0.49912848331303844,0.013100896618417401,164319.00849060089,-0.11530412585214413,190130.43031734618
2022-10-31,72812.86885570108,72173.72,144986.5888557011,2,0.4977958345639223,-0.0026535995533987222,164319.00849060089,-0.11765175442867656,188754.2364177878
2022-11-01,72812.86885570108,71861.01,144673.87885570107,2,0.4967103292479962,-0.0021568201753560112,164319.00849060089,-0.11955482092641476,187927.49306767998
2022-11-02,106821.14088570108,35412.96,142234.10088570107,1,0.2489765800147867,-0.016863983943041005,164319.00849060089,-0.1344026342890395,183213.5154565061
2022-11-03,106821.14088570108,35174.700000000004,141995.8408857011,1,0.24771641042862458,-0.0016751257153968524,164319.00849060089,-0.13585261869552168,181328.95142240936
2022-11-04,106821.14088570108,35651.22,142472.36088570108,1,0.2502325347763508,0.003355872939852844,164319.00849060089,-0.1329526498825572,183937.55776933345
2022-11-07,108168.85095570108,34775.75,142944.60095570108,1,0.24328131155353744,0.0033146083006152516,164319.00849060089,-0.13007872753883143,185693.7455068296
2022-11-08,108168.85095570108,35123.79,143292.6409557011,1,0.24511928711578787,0.00243478940563735,164319.00849060089,-0.12796065244090438,186700.21567217825
2022-11-09,73436.45367570108,68632.86,142069.3136757011,2,0.48309418990132463,-0.008537265220606716,164319.00849060089,-0.13540548363382124,182848.92677416038
2022-11-10,73436.45367570108,71773.79,145210.2436757011,2,0.4942749780125211,0.022108433684488116,164319.00849060089,-0.11629065310476741,192898.223272055
2022-11-11,4113.525335701066,142340.05,146453.57533570105,4,0.9719124280423196,0.008562286161964527,164319.00849060089,-0.10872408079264756,194767.38215055972
2022-11-14,4113.525335701066,141117.73,145231.25533570108,4,0.971676032640545,-0.008346126048463964,164319.00849060089,-0.11616278195831273,193108.76039848
2022-11-15,4113.525335701066,142466.28,146579.80533570106,4,0.9719366161915678,0.009285535657478361,164319.00849060089,-0.10795587995478022,194757.11204683164
2022-11-16,4113.525335701066,141074.25,145187.77533570107,4,0.971667550341688,-0.009496737949760137,164319.00849060089,-0.116427389202474,193273.08205812876
2022-11-17,38078.03409570106,106414.34,144492.37409570106,3,0.7364702854803881,-0.004789667989554269,164319.00849060089,-0.12065940865285782,192677.416041902
2022-11-18,38078.03409570106,106786.54,144864.57409570104,3,0.7371473713749659,0.0025759144891166486,164319.00849060089,-0.11839430248273829,193555.5099106501
2022-11-21,73820.69854070107,70502.51000000001,144323.20854070107,2,0.4885043141215736,-0.003737045846987641,164319.00849060089,-0.12168890339332579,192852.00780527882
2022-11-22,73820.69854070107,71482.31,145303.00854070106,2,0.4919534063190231,0.00678892889028071,164319.00849060089,-0.11572611181491851,195445.20899661086
2022-11-23,75718.24699070107,70299.42,146017.66699070105,2,0.4814446186465705,0.0049184009139067175,164319.00849060089,-0.11137689831512511,196677.62144397656
2022-11-25,75718.24699070107,70140.18,145858.42699070106,2,0.4808784891425687,-0.0010905529671976222,164319.00849060089,-0.11234598887538795,196631.40597720037
2022-11-28,110249.09761570106,34370.82,144619.91761570107,1,0.23766311422838507,-0.008491174631130138,164319.00849060089,-0.1198832140958702,193493.8892882818
2022-11-29,110249.09761570106,34471.799999999996,144720.89761570105,1,0.23819504002482142,0.0006982440708362958,164319.00849060089,-0.11926867776846924,193165.24596898427
2022-11-30,110249.09761570106,35416.26,145665.35761570107,1,0.24313440463611324,0.006526078925435996,164319.00849060089,-0.11352095564748257,199250.28242785248
2022-12-01,39882.60748570107,105554.19,145436.79748570107,3,0.7257736131763888,-0.0015690767780420778,164319.00849060089,-0.11491190933019708,199101.36592379582
2022-12-02,39882.60748570107,105579.39,145461.99748570105,3,0.7258211204639787,0.00017327114207432714,164319.00849060089,-0.11475854910589034,198870.2885899147
2022-12-05,108770.73545830107,34566.840000000004,143337.5754583011,1,0.2411568626682679,-0.014604653202351381,164319.00849060089,-0.12768719349654514,195296.29249255414
2022-12-06,142890.13392970109,0.0,142890.13392970109,0,0.0,-0.003121592695909392,164319.00849060089,-0.1304101987818746,192477.14901920507
2022-12-07,142890.13392970109,0.0,142890.13392970109,0,0.0,0.0,164319.00849060089,-0.1304101987818746,192153.64075177157
2022-12-08,142890.13392970109,0.0,142890.13392970109,0,0.0,0.0,164319.00849060089,-0.1304101987818746,193658.21094793055
2022-12-09,142890.13392970109,0.0,142890.13392970109,0,0.0,0.0,164319.00849060089,-0.1304101987818746,192210.12632227584
2022-12-12,142890.13392970109,0.0,142890.13392970109,0,0.0,0.0,164319.00849060089,-0.1304101987818746,194983.0543288487
2022-12-13,142161.69654490106,0.0,142161.69654490106,0,0.0,-0.005097884400880992,164319.00849060089,-0.1348432670646697,196456.81421382353
2022-12-14,73086.48172990109,68664.9,141751.38172990107,2,0.4844037438085572,-0.0028862543496053217,164319.00849060089,-0.13734032944819463,195203.86155900173
2022-12-15,140710.4247112011,0.0,140710.4247112011,0,0.0,-0.007343540542577909,164319.00849060089,-0.1436753057133387,190428.26332545956
2022-12-16,140710.4247112011,0.0,140710.4247112011,0,0.0,0.0,164319.00849060089,-0.1436753057133387,188179.1106090171
2022-12-19,140710.4247112011,0.0,140710.4247112011,0,0.0,0.0,164319.00849060089,-0.1436753057133387,186582.10947930574
2022-12-20,140710.4247112011,0.0,140710.4247112011,0,0.0,0.0,164319.00849060089,-0.1436753057133387,186838.86207250692
2022-12-21,140710.4247112011,0.0,140710.4247112011,0,0.0,0.0,164319.00849060089,-0.1436753057133387,189632.33028653587
2022-12-22,140710.4247112011,0.0,140710.4247112011,0,0.0,0.0,164319.00849060089,-0.1436753057133387,186926.1579541953
2022-12-23,140710.4247112011,0.0,140710.4247112011,0,0.0,0.0,164319.00849060089,-0.1436753057133387,188004.51884564033
2022-12-27,140710.4247112011,0.0,140710.4247112011,0,0.0,0.0,164319.00849060089,-0.1436753057133387,187259.93632535686
2022-12-28,140710.4247112011,0.0,140710.4247112011,0,0.0,0.0,164319.00849060089,-0.1436753057133387,184933.75783095407
2022-12-29,140710.4247112011,0.0,140710.4247112011,0,0.0,0.0,164319.00849060089,-0.1436753057133387,188261.2714388415
2022-12-30,141040.68488120113,0.0,141040.68488120113,0,0.0,0.0023470909897249648,164319.00849060089,-0.14166543373909954,187768.30645989525
